split,image_file,label_file,class_ids
train,DR-1_3191.jpg,DR-1_3191.txt,0;1;2;3;5
train,DR-2_18155_ylWREYy.jpg,DR-2_18155_ylWREYy.txt,0;1;2;3;4;5
train,DR-2_14971.jpg,DR-2_14971.txt,0;2
train,DR-2_205.jpg,DR-2_205.txt,0;1;2;3
train,DR-2_10176_YNrkA9n.jpg,DR-2_10176_YNrkA9n.txt,0;1;2;3;4
train,DR-1_1375.jpg,DR-1_1375.txt,0;3
train,DR-2_3823.jpg,DR-2_3823.txt,0;1;3;4
train,DR-2_757.jpg,DR-2_757.txt,0;1;2;3;5
train,DR-2_7796_Giz2Uwz.jpg,DR-2_7796_Giz2Uwz.txt,0;1;2;3
train,DR-2_1165_kdY0eKq.jpg,DR-2_1165_kdY0eKq.txt,0;1;2
train,DR-2_1271_Od0eRm8.jpg,DR-2_1271_Od0eRm8.txt,1;2;4;5
train,DR-2_13767_0anW2Ph.jpg,DR-2_13767_0anW2Ph.txt,0;1;2;3
train,DR-2_12310.jpg,DR-2_12310.txt,0;1;2;3;4
train,DR-1_941.jpg,DR-1_941.txt,1;2;3;4;5
train,DR-1_3535.jpg,DR-1_3535.txt,2;3
train,DR-2_18561.jpg,DR-2_18561.txt,0;1;2;3;5
train,DR-2_9432.jpg,DR-2_9432.txt,1;2;3
train,DR-2_7365.jpg,DR-2_7365.txt,1;2;3
train,DR-1_5470.jpg,DR-1_5470.txt,0;1;2;5
train,DR-1_5879.jpg,DR-1_5879.txt,2;3
train,DR-2_5491_dOglP7r.jpg,DR-2_5491_dOglP7r.txt,1;2;3
train,DR-1_5893.jpg,DR-1_5893.txt,2;3
train,DR-1_3177.jpg,DR-1_3177.txt,1;2;4;5
train,DR-1_8824.jpg,DR-1_8824.txt,0;1;2;3;4;5
train,DR-1_4643.jpg,DR-1_4643.txt,1;2;3
train,DR-1_8088.jpg,DR-1_8088.txt,1;2
train,DR-2_1818.jpg,DR-2_1818.txt,1;2
train,DR-2_13584_alX0H6f.jpg,DR-2_13584_alX0H6f.txt,0;1;2;3
train,DR-2_15727.jpg,DR-2_15727.txt,0;3
train,DR-2_15108_U8a1I5Z.jpg,DR-2_15108_U8a1I5Z.txt,1;2;5
train,DR-2_10654_6LeuIwm.jpg,DR-2_10654_6LeuIwm.txt,0;1;2;3
train,DR-2_9032.jpg,DR-2_9032.txt,1;2;4;5
train,DR-2_3850.jpg,DR-2_3850.txt,0;1;2;3;5
train,DR-1_4745.jpg,DR-1_4745.txt,0;1;2
train,DR-2_11037.jpg,DR-2_11037.txt,1;2
train,DR-1_7390.jpg,DR-1_7390.txt,0;1;2;3;5
train,DR-1_2631.jpg,DR-1_2631.txt,0;1;2;5
train,DR-2_12486_K6eSx3b.jpg,DR-2_12486_K6eSx3b.txt,1;2;3
train,DR-1_8573.jpg,DR-1_8573.txt,0;1;2
train,DR-2_13515.jpg,DR-2_13515.txt,1;2
train,DR-2_13942_9DXgDzF.jpg,DR-2_13942_9DXgDzF.txt,2;4
train,DR-1_7944.jpg,DR-1_7944.txt,1;2;5
train,DR-2_8351.jpg,DR-2_8351.txt,0;1;2;3;5
train,DR-2_20_2UpVNVc.jpg,DR-2_20_2UpVNVc.txt,0;1;2;3
train,DR-2_6368_qjwBMdR.jpg,DR-2_6368_qjwBMdR.txt,2
train,DR-1_3326.jpg,DR-1_3326.txt,0;1;2;3;4;5
train,DR-2_4384_KbvZp6Z.jpg,DR-2_4384_KbvZp6Z.txt,0;1;2;3
train,DR-2_11333_8OtIQYY.jpg,DR-2_11333_8OtIQYY.txt,1;2;3;5
train,DR-1_2491.jpg,DR-1_2491.txt,1;2;3;5
train,DR-1_6608.jpg,DR-1_6608.txt,1;2;5
train,DR-2_13032_3ansBkv.jpg,DR-2_13032_3ansBkv.txt,1;4;5
train,DR-1_1852.jpg,DR-1_1852.txt,0;1;2;3
train,DR-2_13733_qYtFEj2.jpg,DR-2_13733_qYtFEj2.txt,1;2;3
train,DR-2_18823.jpg,DR-2_18823.txt,0;1;2;3;4;5
train,DR-1_62.jpg,DR-1_62.txt,1;2;3
train,DR-2_9261.jpg,DR-2_9261.txt,0;1;2;3
train,DR-2_11013.jpg,DR-2_11013.txt,0;1;2;3
train,DR-2_14543_QBR101Q.jpg,DR-2_14543_QBR101Q.txt,0;2;3
train,DR-1_3541.jpg,DR-1_3541.txt,0;1;2;3;4;5
train,DR-2_12925.jpg,DR-2_12925.txt,2;3
train,DR-2_9281_QIIPL6L.jpg,DR-2_9281_QIIPL6L.txt,1;2;5
train,DR-2_19286.jpg,DR-2_19286.txt,0;2;3
train,DR-2_9670.jpg,DR-2_9670.txt,0;2;3
train,DR-2_16971.jpg,DR-2_16971.txt,0;2
train,DR-2_7907.jpg,DR-2_7907.txt,0;1;2;3;4;5
train,DR-2_11012.jpg,DR-2_11012.txt,1;2
train,DR-2_8988.jpg,DR-2_8988.txt,0;1;5
train,DR-2_7841.jpg,DR-2_7841.txt,0;1;2;3;4;5
train,DR-1_3321.jpg,DR-1_3321.txt,1;2;5
train,DR-1_7105.jpg,DR-1_7105.txt,0;1;2;4;5
train,DR-2_17485.jpg,DR-2_17485.txt,1;2;3
train,DR-2_6616_Cjj0QBn.jpg,DR-2_6616_Cjj0QBn.txt,1;2;3
train,DR-1_5882.jpg,DR-1_5882.txt,0;1;2;3;4;5
train,DR-1_6110.jpg,DR-1_6110.txt,0;1;2;4;5
train,DR-2_8418_wbzniMQ.jpg,DR-2_8418_wbzniMQ.txt,1;4;5
train,DR-2_15796.jpg,DR-2_15796.txt,0;1;2;3
train,DR-2_7499_boHW82j.jpg,DR-2_7499_boHW82j.txt,0;1;2;3;5
train,DR-2_9431_LEcazm6.jpg,DR-2_9431_LEcazm6.txt,1;2;5
train,DR-2_13876_Ukkmehn.jpg,DR-2_13876_Ukkmehn.txt,1;5
train,DR-2_5132.jpg,DR-2_5132.txt,0;1;2
train,DR-2_17589_ZlhuJrt.jpg,DR-2_17589_ZlhuJrt.txt,0;1;2;3;4;5
train,DR-2_2446_nluWIe4.jpg,DR-2_2446_nluWIe4.txt,0;1;2;3
train,DR-2_14589_EQX0QkS.jpg,DR-2_14589_EQX0QkS.txt,0;1;2;3;4
train,DR-2_19072_9COrFfg.jpg,DR-2_19072_9COrFfg.txt,0;1;2;3
train,DR-2_13502_0ntSmrL.jpg,DR-2_13502_0ntSmrL.txt,1;2;3;4
train,DR-1_2252.jpg,DR-1_2252.txt,0;1;2;4;5
train,DR-1_4157.jpg,DR-1_4157.txt,1;2;3
train,DR-2_11483.jpg,DR-2_11483.txt,1;2;4;5
train,DR-2_2818.jpg,DR-2_2818.txt,1;2;3;5
train,DR-2_12849_icBIY8n.jpg,DR-2_12849_icBIY8n.txt,0;1;2;3;4;5
train,DR-1_5642.jpg,DR-1_5642.txt,0;2
train,DR-2_2737_yyCESIc.jpg,DR-2_2737_yyCESIc.txt,0;1;2;3;5
train,DR-2_6720_HN0Pq2x.jpg,DR-2_6720_HN0Pq2x.txt,0;3
train,DR-2_13882.jpg,DR-2_13882.txt,0;1;2;3;4
train,DR-2_13340_XelKhCq.jpg,DR-2_13340_XelKhCq.txt,0;1;2;4;5
train,DR-2_3817_hmhR0hf.jpg,DR-2_3817_hmhR0hf.txt,0;1;5
train,DR-2_4966_heWi5N7.jpg,DR-2_4966_heWi5N7.txt,0;1;2;3
train,DR-2_11875.jpg,DR-2_11875.txt,0;1;2;3;4;5
train,DR-2_16501_tjnJCdf.jpg,DR-2_16501_tjnJCdf.txt,1;2;3
train,DR-2_13774.jpg,DR-2_13774.txt,1;2;3
train,DR-2_5185.jpg,DR-2_5185.txt,0;1;2;3;5
train,DR-2_3458_MXG29qS.jpg,DR-2_3458_MXG29qS.txt,1;2;3
train,DR-2_2188_ScqXTTe.jpg,DR-2_2188_ScqXTTe.txt,0;1;2;3;4;5
train,DR-2_9315_nSBwSE6.jpg,DR-2_9315_nSBwSE6.txt,1;2;4;5
train,DR-2_9870.jpg,DR-2_9870.txt,0;1;2;3
train,DR-2_19469.jpg,DR-2_19469.txt,0;1;3;4;5
train,DR-2_17243_X7tnL6l.jpg,DR-2_17243_X7tnL6l.txt,1;2;3
train,DR-2_18856.jpg,DR-2_18856.txt,0;1;2;3;5
train,DR-1_5481.jpg,DR-1_5481.txt,0;1;2;3
train,DR-2_18495_ZNBztVZ.jpg,DR-2_18495_ZNBztVZ.txt,1;2;3;4
train,DR-2_4643.jpg,DR-2_4643.txt,1;2;3
train,DR-1_7648.jpg,DR-1_7648.txt,0;1;2;3
train,DR-2_12568_mxkZ0HI.jpg,DR-2_12568_mxkZ0HI.txt,0;1;2;3;5
train,DR-1_3581.jpg,DR-1_3581.txt,0;1;2;3
train,DR-2_11229_irTFsP0.jpg,DR-2_11229_irTFsP0.txt,1;2;4;5
train,DR-2_12040.jpg,DR-2_12040.txt,1;2;3
train,DR-2_9521.jpg,DR-2_9521.txt,1;2;4;5
train,DR-2_16316_W0wg942.jpg,DR-2_16316_W0wg942.txt,0;1;2
train,DR-1_8315.jpg,DR-1_8315.txt,0;1;2;4;5
train,DR-2_3101_ibla8xe.jpg,DR-2_3101_ibla8xe.txt,0;1;2
train,DR-1_4853.jpg,DR-1_4853.txt,1;2;5
train,DR-1_7695.jpg,DR-1_7695.txt,1;2;4;5
train,DR-2_15588_EHx8M2Y.jpg,DR-2_15588_EHx8M2Y.txt,0;1;2;4;5
train,DR-1_737.jpg,DR-1_737.txt,0;1;3;5
train,DR-2_15082.jpg,DR-2_15082.txt,1;2;4;5
train,DR-2_12223.jpg,DR-2_12223.txt,0;1;2;3
train,DR-2_13373_guPkSJM.jpg,DR-2_13373_guPkSJM.txt,1;2;3
train,DR-1_1448.jpg,DR-1_1448.txt,0;1;2
train,DR-1_8692.jpg,DR-1_8692.txt,1;2;5
train,DR-2_11575_9ZydHAf.jpg,DR-2_11575_9ZydHAf.txt,1;2;3
train,DR-2_5570_aU4rLXd.jpg,DR-2_5570_aU4rLXd.txt,0;1;2;3;5
train,DR-2_1724_tykQGMR.jpg,DR-2_1724_tykQGMR.txt,0;1;2
train,DR-2_3311.jpg,DR-2_3311.txt,1;2;3;4;5
train,DR-2_15196.jpg,DR-2_15196.txt,2;3
train,DR-2_6475_addUnJA.jpg,DR-2_6475_addUnJA.txt,0;1;2;3
train,DR-2_4850_Icr0oVY.jpg,DR-2_4850_Icr0oVY.txt,1;2;3
train,DR-2_5582.jpg,DR-2_5582.txt,0;1;2;3;4
train,DR-1_3715.jpg,DR-1_3715.txt,0;1;2;3
train,DR-1_3558.jpg,DR-1_3558.txt,1;2;4;5
train,DR-2_8284.jpg,DR-2_8284.txt,0;1;2;3
train,DR-1_8519.jpg,DR-1_8519.txt,1;2;3
train,DR-2_17894_FeAp6y9.jpg,DR-2_17894_FeAp6y9.txt,1;2;4;5
train,DR-2_10453.jpg,DR-2_10453.txt,0;1;2;3;4
train,DR-2_7485_5bDvf77.jpg,DR-2_7485_5bDvf77.txt,0;1;2;3;5
train,DR-2_5683.jpg,DR-2_5683.txt,1;2;3;4;5
train,DR-2_18533_nK7yYVM.jpg,DR-2_18533_nK7yYVM.txt,0;2;3
train,DR-2_13701_SLPmXW3.jpg,DR-2_13701_SLPmXW3.txt,0;1;2;3
train,DR-2_14165.jpg,DR-2_14165.txt,1;2
train,DR-1_5488.jpg,DR-1_5488.txt,1;2;3
train,DR-1_5207.jpg,DR-1_5207.txt,0
train,DR-2_14960.jpg,DR-2_14960.txt,0;1;2;3;5
train,DR-1_5769.jpg,DR-1_5769.txt,0;2
train,DR-2_5349.jpg,DR-2_5349.txt,1;2;3
train,DR-2_2616_3pjsqQG.jpg,DR-2_2616_3pjsqQG.txt,0;1;2;3
train,DR-2_15207.jpg,DR-2_15207.txt,0;3;4
train,DR-2_11388_4Ak6Hta.jpg,DR-2_11388_4Ak6Hta.txt,1;2;3
train,DR-2_3426.jpg,DR-2_3426.txt,1;2;3
train,DR-2_16617.jpg,DR-2_16617.txt,0;1;2
train,DR-1_227.jpg,DR-1_227.txt,1;2;5
train,DR-1_3355.jpg,DR-1_3355.txt,1;2;3
train,DR-1_9331.jpg,DR-1_9331.txt,1;2;3
train,DR-1_5134.jpg,DR-1_5134.txt,1;2;3
train,DR-2_19044_KT4E6hA.jpg,DR-2_19044_KT4E6hA.txt,1;2;3
train,DR-1_9507.jpg,DR-1_9507.txt,0;1;2;3;4
train,DR-1_7505.jpg,DR-1_7505.txt,1;2;3
train,DR-2_4369.jpg,DR-2_4369.txt,0;1;2;3
train,DR-2_12973_v12PvhZ.jpg,DR-2_12973_v12PvhZ.txt,1;2;3
train,DR-1_5602.jpg,DR-1_5602.txt,0;1;3;5
train,DR-2_17680_A5OfzlS.jpg,DR-2_17680_A5OfzlS.txt,0;1;2;5
train,DR-2_207_wr8Ab3o.jpg,DR-2_207_wr8Ab3o.txt,0;1;2;3;4;5
train,DR-2_5889.jpg,DR-2_5889.txt,1;2;4;5
train,DR-2_18060.jpg,DR-2_18060.txt,0;1;2;3;4;5
train,DR-2_7167.jpg,DR-2_7167.txt,0;1;2;4;5
train,DR-2_8896.jpg,DR-2_8896.txt,0;1;2;5
train,DR-2_19181.jpg,DR-2_19181.txt,0;1;2;3
train,DR-1_6241.jpg,DR-1_6241.txt,0;1;2;3
train,DR-2_16038.jpg,DR-2_16038.txt,1;2;3
train,DR-2_19528_AiUTPto.jpg,DR-2_19528_AiUTPto.txt,1;2;3;5
train,DR-2_18411.jpg,DR-2_18411.txt,0;1;2;3;5
train,DR-2_1554.jpg,DR-2_1554.txt,1;2;4
train,DR-1_3639.jpg,DR-1_3639.txt,0;1;2;3;5
train,DR-2_14103_QOJXt1S.jpg,DR-2_14103_QOJXt1S.txt,1;2;3
train,DR-2_13519.jpg,DR-2_13519.txt,1;2;3
train,DR-2_1334.jpg,DR-2_1334.txt,0;1;2;3
train,DR-1_140.jpg,DR-1_140.txt,1;2;3
train,DR-2_455_YALhlvM.jpg,DR-2_455_YALhlvM.txt,1;2;3
train,DR-2_14326_urxrShc.jpg,DR-2_14326_urxrShc.txt,0;1;2;3;4
train,DR-2_8093_CZCqiwe.jpg,DR-2_8093_CZCqiwe.txt,0;1;2;3;5
train,DR-2_17473_so6BbJp.jpg,DR-2_17473_so6BbJp.txt,0;2;3
train,DR-2_17876.jpg,DR-2_17876.txt,0;1;2;3;5
train,DR-2_14681_dpcU4mf.jpg,DR-2_14681_dpcU4mf.txt,2;3
train,DR-1_1434.jpg,DR-1_1434.txt,0;2;3
train,DR-2_15733_55c82tM.jpg,DR-2_15733_55c82tM.txt,2
train,DR-1_4995.jpg,DR-1_4995.txt,0;1;2;5
train,DR-2_12143_JtrVaja.jpg,DR-2_12143_JtrVaja.txt,0;1;2;3;4
train,DR-2_3162.jpg,DR-2_3162.txt,1;2;4;5
train,DR-2_4960.jpg,DR-2_4960.txt,0;1;2;3
train,DR-2_4585_OTvfHCC.jpg,DR-2_4585_OTvfHCC.txt,0;1;2;3;4;5
train,DR-2_17344_8pwjxl4.jpg,DR-2_17344_8pwjxl4.txt,0;1;2;4;5
train,DR-2_16550_vk0la7T.jpg,DR-2_16550_vk0la7T.txt,0;1;2;4;5
train,DR-2_8059_3xEHLuG.jpg,DR-2_8059_3xEHLuG.txt,1;4;5
train,DR-2_291.jpg,DR-2_291.txt,1;2;3
train,DR-2_1469_43L83W1.jpg,DR-2_1469_43L83W1.txt,0;1;2;3;4;5
train,DR-1_6228.jpg,DR-1_6228.txt,0;2
train,DR-2_13726_jQ3l6Ac.jpg,DR-2_13726_jQ3l6Ac.txt,1;2;3
train,DR-2_14389.jpg,DR-2_14389.txt,0;3
train,DR-2_7537.jpg,DR-2_7537.txt,0;1;2
train,DR-2_17071_IeJh1tF.jpg,DR-2_17071_IeJh1tF.txt,0;1;3;5
train,DR-2_926.jpg,DR-2_926.txt,1;2;4;5
train,DR-2_2310_850aHaC.jpg,DR-2_2310_850aHaC.txt,0;1;4
train,DR-2_12301_yxLOBly.jpg,DR-2_12301_yxLOBly.txt,1;2;4;5
train,DR-2_13921_UprTki3.jpg,DR-2_13921_UprTki3.txt,2;3
train,DR-2_3814.jpg,DR-2_3814.txt,0;1;2;4
train,DR-1_5782.jpg,DR-1_5782.txt,0;1;2;3;4;5
train,DR-2_3425_oZA2yIa.jpg,DR-2_3425_oZA2yIa.txt,0;1;2;3
train,DR-2_11483_xbtn7PO.jpg,DR-2_11483_xbtn7PO.txt,1;2;4;5
train,DR-2_19489.jpg,DR-2_19489.txt,0;1;2;5
train,DR-2_14770.jpg,DR-2_14770.txt,0;1;2;3;4
train,DR-2_2702_E0uIobP.jpg,DR-2_2702_E0uIobP.txt,1;2;3
train,DR-2_3679_aAfNdco.jpg,DR-2_3679_aAfNdco.txt,1;2
train,DR-2_9929.jpg,DR-2_9929.txt,0;2;3
train,DR-2_2077_ObcKmKe.jpg,DR-2_2077_ObcKmKe.txt,0;1;2;3
train,DR-1_7059.jpg,DR-1_7059.txt,0;1;2;3;4;5
train,DR-2_12286_Uq9lD8d.jpg,DR-2_12286_Uq9lD8d.txt,0;1;2;3
train,DR-2_18907_602fkwy.jpg,DR-2_18907_602fkwy.txt,0;1;2;3;4
train,DR-2_9253_gnL2UJG.jpg,DR-2_9253_gnL2UJG.txt,0;1;2;3
train,DR-1_8559.jpg,DR-1_8559.txt,0;2
train,DR-2_19882.jpg,DR-2_19882.txt,0;1;2;3
train,DR-2_19375.jpg,DR-2_19375.txt,0;1;2;3;4
train,DR-2_3482_iunJbfw.jpg,DR-2_3482_iunJbfw.txt,1;2;3
train,DR-2_7963.jpg,DR-2_7963.txt,2;3
train,DR-2_18815_MIvK1lh.jpg,DR-2_18815_MIvK1lh.txt,0;1;2;3;4;5
train,DR-2_7302_nZ7FiZ7.jpg,DR-2_7302_nZ7FiZ7.txt,0;1;2;3;4;5
train,DR-1_5761.jpg,DR-1_5761.txt,1;2;4;5
train,DR-1_9282.jpg,DR-1_9282.txt,0;1;2;3;4
train,DR-2_18901.jpg,DR-2_18901.txt,0;1;2;3
train,DR-1_1167.jpg,DR-1_1167.txt,1;4;5
train,DR-2_14187_fnccQgj.jpg,DR-2_14187_fnccQgj.txt,1;2;5
train,DR-2_18307_9TqCbYh.jpg,DR-2_18307_9TqCbYh.txt,0;2;3
train,DR-2_699.jpg,DR-2_699.txt,0;1;2;3
train,DR-2_741.jpg,DR-2_741.txt,2;3
train,DR-2_4582.jpg,DR-2_4582.txt,0;1;2;3;4;5
train,DR-2_1132_JWnyo9g.jpg,DR-2_1132_JWnyo9g.txt,0;1;2;3
train,DR-2_16876.jpg,DR-2_16876.txt,0;3
train,DR-2_5308_cdziWcE.jpg,DR-2_5308_cdziWcE.txt,0;1;2;3
train,DR-2_11121.jpg,DR-2_11121.txt,0;1;2
train,DR-2_589_Ue9j0TA.jpg,DR-2_589_Ue9j0TA.txt,1;2;4;5
train,DR-1_5800.jpg,DR-1_5800.txt,0;1;2;3;4;5
train,DR-2_18678.jpg,DR-2_18678.txt,1;2
train,DR-2_14455.jpg,DR-2_14455.txt,1;2;3
train,DR-2_2694_2wgAWG8.jpg,DR-2_2694_2wgAWG8.txt,0;2;3
train,DR-2_15569.jpg,DR-2_15569.txt,0;1;2;3
train,DR-1_2539.jpg,DR-1_2539.txt,0;1;2
train,DR-1_8155.jpg,DR-1_8155.txt,0;1;2;3;4;5
train,DR-2_6306.jpg,DR-2_6306.txt,0;1;2
train,DR-1_5396.jpg,DR-1_5396.txt,0;1;2
train,DR-2_15995.jpg,DR-2_15995.txt,1;5
train,DR-2_3730.jpg,DR-2_3730.txt,0;1;2;3
train,DR-1_1981.jpg,DR-1_1981.txt,1;2;3
train,DR-2_2914.jpg,DR-2_2914.txt,1;2
train,DR-2_18180.jpg,DR-2_18180.txt,0;1;2;3
train,DR-1_5348.jpg,DR-1_5348.txt,0;1;2;3
train,DR-2_16043.jpg,DR-2_16043.txt,0;1;2;3
train,DR-1_1231.jpg,DR-1_1231.txt,0;1;2;3
train,DR-2_15452.jpg,DR-2_15452.txt,0;2
train,DR-2_11973_Ps8zLmn.jpg,DR-2_11973_Ps8zLmn.txt,2;3
train,DR-2_1428.jpg,DR-2_1428.txt,2;3
train,DR-2_19399.jpg,DR-2_19399.txt,0;1;2;3;5
train,DR-2_15840.jpg,DR-2_15840.txt,0;1;2;5
train,DR-2_15697_v7K9SZ5.jpg,DR-2_15697_v7K9SZ5.txt,1;2;3
train,DR-1_4617.jpg,DR-1_4617.txt,0;1;2;3;5
train,DR-2_8375_caPs8UK.jpg,DR-2_8375_caPs8UK.txt,1;3
train,DR-2_3019.jpg,DR-2_3019.txt,0;1;2
train,DR-1_4876.jpg,DR-1_4876.txt,0;1;2;3;5
train,DR-2_7892.jpg,DR-2_7892.txt,0;1;2;3;5
train,DR-2_17627_NbqQtQ4.jpg,DR-2_17627_NbqQtQ4.txt,1;2;3
train,DR-2_11447_DF4coX6.jpg,DR-2_11447_DF4coX6.txt,2;3
train,DR-1_578.jpg,DR-1_578.txt,0;1;2
train,DR-2_15095.jpg,DR-2_15095.txt,2
train,DR-2_4541.jpg,DR-2_4541.txt,1;2;4;5
train,DR-2_11995.jpg,DR-2_11995.txt,0;1;3;5
train,DR-2_8442.jpg,DR-2_8442.txt,1;2;3;5
train,DR-2_5762.jpg,DR-2_5762.txt,0;1;2;3
train,DR-2_14111_6QAsNSJ.jpg,DR-2_14111_6QAsNSJ.txt,5
train,DR-2_2111_OQOyRp8.jpg,DR-2_2111_OQOyRp8.txt,1;2;4;5
train,DR-2_9578_0nqfJye.jpg,DR-2_9578_0nqfJye.txt,0;1;2;3
train,DR-1_3804.jpg,DR-1_3804.txt,0;2;4
train,DR-1_9943.jpg,DR-1_9943.txt,0;2;3
train,DR-2_19749.jpg,DR-2_19749.txt,0;1;2;3
train,DR-2_16585.jpg,DR-2_16585.txt,0;1;2;3;4;5
train,DR-2_18625.jpg,DR-2_18625.txt,0;1;2;5
train,DR-2_6638_MQVKHMF.jpg,DR-2_6638_MQVKHMF.txt,0;3
train,DR-2_2473.jpg,DR-2_2473.txt,0;1;2;3
train,DR-2_6558.jpg,DR-2_6558.txt,0;1;2;4;5
train,DR-2_9762.jpg,DR-2_9762.txt,1;2;3
train,DR-2_6367_oUU1uj8.jpg,DR-2_6367_oUU1uj8.txt,0;1;2;3;4
train,DR-2_3920.jpg,DR-2_3920.txt,0;2;3
train,DR-2_10876.jpg,DR-2_10876.txt,2;3;5
train,DR-2_837.jpg,DR-2_837.txt,1;2;3
train,DR-2_11755_yxqMnNr.jpg,DR-2_11755_yxqMnNr.txt,0;1;2;3;4
train,DR-2_362_XJ5U261.jpg,DR-2_362_XJ5U261.txt,1;2;4;5
train,DR-2_4258_naZQBR7.jpg,DR-2_4258_naZQBR7.txt,0;1;2;3
train,DR-2_1026_Bfd1j1d.jpg,DR-2_1026_Bfd1j1d.txt,1;4;5
train,DR-2_8653.jpg,DR-2_8653.txt,1;2
train,DR-2_11539.jpg,DR-2_11539.txt,0;1;2
train,DR-2_7482.jpg,DR-2_7482.txt,1;2
train,DR-2_541_1tw7MzM.jpg,DR-2_541_1tw7MzM.txt,1;2;3
train,DR-2_3548.jpg,DR-2_3548.txt,1;2;3;4;5
train,DR-2_18263.jpg,DR-2_18263.txt,1;2;4;5
train,DR-2_17084_ZSNiGET.jpg,DR-2_17084_ZSNiGET.txt,1;2
train,DR-1_7198.jpg,DR-1_7198.txt,0;1;2;3
train,DR-1_792.jpg,DR-1_792.txt,0;1;2;3;5
train,DR-2_11274_HFImbQU.jpg,DR-2_11274_HFImbQU.txt,0;1;2;3
train,DR-2_2642_BO51Vmw.jpg,DR-2_2642_BO51Vmw.txt,0;2
train,DR-2_7146.jpg,DR-2_7146.txt,1;2;3
train,DR-2_7906_tzgBEqA.jpg,DR-2_7906_tzgBEqA.txt,1;2;3
train,DR-1_9994.jpg,DR-1_9994.txt,0;1;2;3;4
train,DR-2_17378_91UIcg2.jpg,DR-2_17378_91UIcg2.txt,1;2;4;5
train,DR-2_13778_Avx8FOi.jpg,DR-2_13778_Avx8FOi.txt,0;1;2
train,DR-2_12991.jpg,DR-2_12991.txt,0;1;2;3
train,DR-2_7742.jpg,DR-2_7742.txt,0;1;2;3;4;5
train,DR-2_12824.jpg,DR-2_12824.txt,1;2;3
train,DR-2_4939_7AfCKGF.jpg,DR-2_4939_7AfCKGF.txt,0;1;2;3;5
train,DR-1_7949.jpg,DR-1_7949.txt,0;1;2
train,DR-2_4927_C1CQsAM.jpg,DR-2_4927_C1CQsAM.txt,0;1;3;4;5
train,DR-2_8440.jpg,DR-2_8440.txt,0;1;2;3;5
train,DR-2_17740.jpg,DR-2_17740.txt,1;2;4;5
train,DR-2_9942_77MQBPZ.jpg,DR-2_9942_77MQBPZ.txt,1;2
train,DR-2_4315.jpg,DR-2_4315.txt,1;2;4;5
train,DR-2_2_dlGb4gt.jpg,DR-2_2_dlGb4gt.txt,1;2
train,DR-2_14519_O2ocsgH.jpg,DR-2_14519_O2ocsgH.txt,0;1;2
train,DR-2_16557_FabOL2v.jpg,DR-2_16557_FabOL2v.txt,0;2;3;4
train,DR-2_3836_JXddDpu.jpg,DR-2_3836_JXddDpu.txt,0;1;2;3;4
train,DR-1_5231.jpg,DR-1_5231.txt,0;1;2;3
train,DR-2_1370.jpg,DR-2_1370.txt,0;1;2;3
train,DR-2_14994_TW7GYAD.jpg,DR-2_14994_TW7GYAD.txt,0;1;2;3;4;5
train,DR-2_16337.jpg,DR-2_16337.txt,1;2
train,DR-2_11463.jpg,DR-2_11463.txt,0;1;2;3;4;5
train,DR-1_6029.jpg,DR-1_6029.txt,1;4;5
train,DR-2_2893_tEh6hka.jpg,DR-2_2893_tEh6hka.txt,1;2;3
train,DR-2_13702.jpg,DR-2_13702.txt,1;2;3
train,DR-2_8700.jpg,DR-2_8700.txt,0;1;2;4
train,DR-2_4286_wRoJ82T.jpg,DR-2_4286_wRoJ82T.txt,0;1;2;3;5
train,DR-2_11176.jpg,DR-2_11176.txt,0;1;2;3;4
train,DR-2_7082.jpg,DR-2_7082.txt,0;1;2;3;4
train,DR-1_5084.jpg,DR-1_5084.txt,1;2;5
train,DR-2_7440.jpg,DR-2_7440.txt,0;1;2;4;5
train,DR-2_13523.jpg,DR-2_13523.txt,0;1;2;3;4
train,DR-2_10092_g11oJrP.jpg,DR-2_10092_g11oJrP.txt,1;2;3
train,DR-2_11548.jpg,DR-2_11548.txt,1;2;4;5
train,DR-2_2856_kaZcBPr.jpg,DR-2_2856_kaZcBPr.txt,0;1;5
train,DR-2_15475_QTX5BiT.jpg,DR-2_15475_QTX5BiT.txt,0;1;2;3;5
train,DR-2_1229_Uzrbsya.jpg,DR-2_1229_Uzrbsya.txt,1;2
train,DR-2_18553.jpg,DR-2_18553.txt,0;1;2;3;4;5
train,DR-2_106_3KK1BgP.jpg,DR-2_106_3KK1BgP.txt,0;1;2;3;4
train,DR-2_15900.jpg,DR-2_15900.txt,0;3
train,DR-1_3776.jpg,DR-1_3776.txt,0;1;3;4
train,DR-2_4881_wFyl587.jpg,DR-2_4881_wFyl587.txt,1;2;3
train,DR-2_4074_hYuw76m.jpg,DR-2_4074_hYuw76m.txt,0;1;2;3
train,DR-2_177_YpYqjUq.jpg,DR-2_177_YpYqjUq.txt,0;1;2;4;5
train,DR-2_6693_U04EW8X.jpg,DR-2_6693_U04EW8X.txt,1;2;3
train,DR-2_14383.jpg,DR-2_14383.txt,0;1;2;3;5
train,DR-2_19361.jpg,DR-2_19361.txt,1;2;3
train,DR-2_900_zM97iqt.jpg,DR-2_900_zM97iqt.txt,1;2;4;5
train,DR-2_15915_939LQTQ.jpg,DR-2_15915_939LQTQ.txt,1;2;3;4;5
train,DR-2_1681.jpg,DR-2_1681.txt,1;2;3
train,DR-2_12808_d5o8FVl.jpg,DR-2_12808_d5o8FVl.txt,1;2;5
train,DR-2_6920_YPoZbOT.jpg,DR-2_6920_YPoZbOT.txt,1;2;3
train,DR-2_10940_NbdSPer.jpg,DR-2_10940_NbdSPer.txt,0;1;2;3;4
train,DR-2_781.jpg,DR-2_781.txt,0;1;3;4;5
train,DR-2_10753_eeGGbeP.jpg,DR-2_10753_eeGGbeP.txt,0;2
train,DR-1_8485.jpg,DR-1_8485.txt,0;1;2;3;5
train,DR-2_2982.jpg,DR-2_2982.txt,0;1;2;3
train,DR-2_16554.jpg,DR-2_16554.txt,1;2;4;5
train,DR-2_2205_tUdu8Df.jpg,DR-2_2205_tUdu8Df.txt,0;1;2;3;5
train,DR-1_8507.jpg,DR-1_8507.txt,1;2;3
train,DR-2_6682.jpg,DR-2_6682.txt,0;1;2
train,DR-2_10967.jpg,DR-2_10967.txt,1;2;3;5
train,DR-1_2623.jpg,DR-1_2623.txt,1;2
train,DR-2_6847.jpg,DR-2_6847.txt,1;2
train,DR-2_10440.jpg,DR-2_10440.txt,1;2;4;5
train,DR-2_2453_Hs8IzqH.jpg,DR-2_2453_Hs8IzqH.txt,0;1;2;3;4;5
train,DR-2_5286_Gilnf9r.jpg,DR-2_5286_Gilnf9r.txt,2;3
train,DR-2_13810_5Uw8MOM.jpg,DR-2_13810_5Uw8MOM.txt,1;2;3
train,DR-2_19395.jpg,DR-2_19395.txt,0;2;3
train,DR-2_13224.jpg,DR-2_13224.txt,1;2;3
train,DR-2_14831.jpg,DR-2_14831.txt,1;2;3
train,DR-2_5631_4noAw3k.jpg,DR-2_5631_4noAw3k.txt,0;1;2;3;4;5
train,DR-2_11171.jpg,DR-2_11171.txt,1;2;3
train,DR-2_3412.jpg,DR-2_3412.txt,1;2;4;5
train,DR-1_5836.jpg,DR-1_5836.txt,0;1;2;3;4
train,DR-2_5054_vPYrqQr.jpg,DR-2_5054_vPYrqQr.txt,0;1;2;3;4;5
train,DR-2_13995_USvnxgG.jpg,DR-2_13995_USvnxgG.txt,0;1;2;3;5
train,DR-2_12355_F20pbAx.jpg,DR-2_12355_F20pbAx.txt,0;2
train,DR-2_14569_OJkq7Bp.jpg,DR-2_14569_OJkq7Bp.txt,0;1;2;3
train,DR-2_4275_wXWYp9S.jpg,DR-2_4275_wXWYp9S.txt,0;1;5
train,DR-1_772.jpg,DR-1_772.txt,1;2;3
train,DR-2_7823_qaR0XvO.jpg,DR-2_7823_qaR0XvO.txt,0;1;2;3;4;5
train,DR-2_14279.jpg,DR-2_14279.txt,1;2;3
train,DR-2_13841_9p5HhHu.jpg,DR-2_13841_9p5HhHu.txt,0;1;2;4;5
train,DR-2_8168_kBxwSN3.jpg,DR-2_8168_kBxwSN3.txt,1;2;3
train,DR-1_6800.jpg,DR-1_6800.txt,0;1;2;3;4
train,DR-2_509_ynXzdx6.jpg,DR-2_509_ynXzdx6.txt,0;1;2;3
train,DR-1_8021.jpg,DR-1_8021.txt,2
train,DR-2_13301_k8i7oso.jpg,DR-2_13301_k8i7oso.txt,1;2;4;5
train,DR-2_18694.jpg,DR-2_18694.txt,0;1;2;3
train,DR-2_15118.jpg,DR-2_15118.txt,1;2;4
train,DR-2_11786_7upu8r9.jpg,DR-2_11786_7upu8r9.txt,1;2;3
train,DR-2_15121_fk3NhHe.jpg,DR-2_15121_fk3NhHe.txt,0;1;2;3;4
train,DR-2_12232.jpg,DR-2_12232.txt,0;1;2;3
train,DR-2_14816_vqHDhKO.jpg,DR-2_14816_vqHDhKO.txt,0;1;2
train,DR-2_4800_29zCwHq.jpg,DR-2_4800_29zCwHq.txt,0;3
train,DR-2_10755_tEqM0lN.jpg,DR-2_10755_tEqM0lN.txt,1;2;3;4;5
train,DR-2_16788_QJ1IX7z.jpg,DR-2_16788_QJ1IX7z.txt,0;1;2;3
train,DR-2_3197_jU19ZZY.jpg,DR-2_3197_jU19ZZY.txt,1;2;3
train,DR-2_10165_njHoiY4.jpg,DR-2_10165_njHoiY4.txt,1;2
train,DR-2_7081.jpg,DR-2_7081.txt,0;1;2;3
train,DR-2_5728.jpg,DR-2_5728.txt,1;2;5
train,DR-2_2979_vY5XwEU.jpg,DR-2_2979_vY5XwEU.txt,1;2;3
train,DR-2_16553.jpg,DR-2_16553.txt,0;1;2;3;4;5
train,DR-2_16845_lBmROyc.jpg,DR-2_16845_lBmROyc.txt,1;2;4;5
train,DR-2_17822_IHgGjEl.jpg,DR-2_17822_IHgGjEl.txt,1;5
train,DR-2_13655.jpg,DR-2_13655.txt,0;2;3
train,DR-2_4267_WtauK6p.jpg,DR-2_4267_WtauK6p.txt,0;1;2;3
train,DR-2_8631_AS9g2dh.jpg,DR-2_8631_AS9g2dh.txt,1;2;4;5
train,DR-2_9781_R7ZJolV.jpg,DR-2_9781_R7ZJolV.txt,0;1;2;3;4
train,DR-2_4783_l1F9GWU.jpg,DR-2_4783_l1F9GWU.txt,1;2;5
train,DR-2_9715_I24tUbO.jpg,DR-2_9715_I24tUbO.txt,1;2;5
train,DR-2_12893.jpg,DR-2_12893.txt,1;2;3
train,DR-2_7213_M0azzBo.jpg,DR-2_7213_M0azzBo.txt,0;1;2;3
train,DR-2_12178_g0MLr4z.jpg,DR-2_12178_g0MLr4z.txt,1;2;3
train,DR-2_1584.jpg,DR-2_1584.txt,1;2;4;5
train,DR-2_6729.jpg,DR-2_6729.txt,0;1;2;4;5
train,DR-1_3307.jpg,DR-1_3307.txt,0;1;2
train,DR-2_1553_VMhl8id.jpg,DR-2_1553_VMhl8id.txt,0;1;2;3
train,DR-2_5392.jpg,DR-2_5392.txt,0;1;2
train,DR-1_9389.jpg,DR-1_9389.txt,0;1;2;3
train,DR-2_19014_Mm3s6IS.jpg,DR-2_19014_Mm3s6IS.txt,0;1;2;3;4
train,DR-2_16769.jpg,DR-2_16769.txt,1;2;3;5
train,DR-2_9405.jpg,DR-2_9405.txt,0;2
train,DR-2_10218.jpg,DR-2_10218.txt,0;1;2;3;4;5
train,DR-2_14593_5ctOY7y.jpg,DR-2_14593_5ctOY7y.txt,0;1;2;4;5
train,DR-2_10074_z1pp6Ea.jpg,DR-2_10074_z1pp6Ea.txt,0;1;2;3
train,DR-2_4929.jpg,DR-2_4929.txt,1;2
train,DR-2_17122_AaiMThe.jpg,DR-2_17122_AaiMThe.txt,0;1;2;3
train,DR-2_9173_5UL2xQz.jpg,DR-2_9173_5UL2xQz.txt,1;2;3
train,DR-2_3539.jpg,DR-2_3539.txt,0;1;2
train,DR-2_1450.jpg,DR-2_1450.txt,0;1;2;4;5
train,DR-2_6862.jpg,DR-2_6862.txt,1;2;3
train,DR-2_6264.jpg,DR-2_6264.txt,1;2;5
train,DR-1_8782.jpg,DR-1_8782.txt,0;1;2;3;4
train,DR-2_6140.jpg,DR-2_6140.txt,1;2;3
train,DR-2_2881_E0bZdHq.jpg,DR-2_2881_E0bZdHq.txt,0;2
train,DR-2_10139.jpg,DR-2_10139.txt,1;2
train,DR-2_18981_WbIvWve.jpg,DR-2_18981_WbIvWve.txt,1;2;3
train,DR-2_2965_f7Z8caA.jpg,DR-2_2965_f7Z8caA.txt,0;1;2
train,DR-1_9236.jpg,DR-1_9236.txt,0;1;2;3;4;5
train,DR-2_3398.jpg,DR-2_3398.txt,0;2
train,DR-2_1248.jpg,DR-2_1248.txt,0;1;2;3
train,DR-2_15679.jpg,DR-2_15679.txt,0;2;3
train,DR-2_7983_khwWzL8.jpg,DR-2_7983_khwWzL8.txt,0;1;2;3
train,DR-2_6483_DdsKPMA.jpg,DR-2_6483_DdsKPMA.txt,1;2;4;5
train,DR-2_18975_ylNG6Hd.jpg,DR-2_18975_ylNG6Hd.txt,0;1;2
train,DR-2_6870_CIs8vM8.jpg,DR-2_6870_CIs8vM8.txt,0;2;3
train,DR-2_16290.jpg,DR-2_16290.txt,0;2
train,DR-1_6486.jpg,DR-1_6486.txt,1;2;3
train,DR-2_1451_snT7PNs.jpg,DR-2_1451_snT7PNs.txt,0;2
train,DR-2_7580.jpg,DR-2_7580.txt,1;2;3
train,DR-1_6854.jpg,DR-1_6854.txt,0;2;3
train,DR-2_18742_5AVP24O.jpg,DR-2_18742_5AVP24O.txt,1;2
train,DR-2_14080_RavNKFk.jpg,DR-2_14080_RavNKFk.txt,1;2;3
train,DR-2_8459.jpg,DR-2_8459.txt,1;2
train,DR-2_9012_OuSRLIG.jpg,DR-2_9012_OuSRLIG.txt,1;2
train,DR-2_7744_JTEPyKV.jpg,DR-2_7744_JTEPyKV.txt,0;1;2;3;5
train,DR-2_12520_lxECzxM.jpg,DR-2_12520_lxECzxM.txt,0;1;2;3;5
train,DR-1_7163.jpg,DR-1_7163.txt,1;2
train,DR-2_19377.jpg,DR-2_19377.txt,0;1;2;3;4
train,DR-2_4784.jpg,DR-2_4784.txt,0;1;2;3;4;5
train,DR-2_2880.jpg,DR-2_2880.txt,1;2
train,DR-2_2683.jpg,DR-2_2683.txt,1;2;3
train,DR-2_18356.jpg,DR-2_18356.txt,0;2;3
train,DR-1_9428.jpg,DR-1_9428.txt,1;2
train,DR-2_12754_UgPGtur.jpg,DR-2_12754_UgPGtur.txt,2;3
train,DR-2_13697.jpg,DR-2_13697.txt,1;2;3
train,DR-1_2446.jpg,DR-1_2446.txt,0;1;2;3;5
train,DR-1_7658.jpg,DR-1_7658.txt,0;1;2;4;5
train,DR-1_1699.jpg,DR-1_1699.txt,1;2;3
train,DR-2_9453.jpg,DR-2_9453.txt,1;2;3
train,DR-2_15864_pghLw96.jpg,DR-2_15864_pghLw96.txt,0;1;2;3
train,DR-2_16872.jpg,DR-2_16872.txt,1;2;3
train,DR-2_1214_3j0FSbD.jpg,DR-2_1214_3j0FSbD.txt,1;2
train,DR-2_5155.jpg,DR-2_5155.txt,0;3
train,DR-2_18480_BHQr0Vy.jpg,DR-2_18480_BHQr0Vy.txt,0;1;3;4
train,DR-2_3172_t0xuxIe.jpg,DR-2_3172_t0xuxIe.txt,1;2
train,DR-2_1779.jpg,DR-2_1779.txt,0;1;2
train,DR-1_6855.jpg,DR-1_6855.txt,0;2;3
train,DR-2_1788.jpg,DR-2_1788.txt,1;2
train,DR-2_3644_HrDR8ya.jpg,DR-2_3644_HrDR8ya.txt,0;1;2;3;4;5
train,DR-2_14518.jpg,DR-2_14518.txt,0;1;2;5
train,DR-2_19470.jpg,DR-2_19470.txt,1;2
train,DR-2_9845_G2WpEJl.jpg,DR-2_9845_G2WpEJl.txt,0;1;2;3;4
train,DR-1_2591.jpg,DR-1_2591.txt,0;1;2;3;5
train,DR-2_1487_lDWgpEU.jpg,DR-2_1487_lDWgpEU.txt,1;2;4;5
train,DR-2_1387_hbcm820.jpg,DR-2_1387_hbcm820.txt,0;1
train,DR-2_16140.jpg,DR-2_16140.txt,1;2;3
train,DR-2_19817.jpg,DR-2_19817.txt,0;1;2;3;5
train,DR-2_14180_Ioqg13m.jpg,DR-2_14180_Ioqg13m.txt,1;2;3;4
train,DR-2_4889_g5oXm4F.jpg,DR-2_4889_g5oXm4F.txt,1;2;4;5
train,DR-2_19401.jpg,DR-2_19401.txt,0;1;2;4;5
train,DR-2_3135.jpg,DR-2_3135.txt,0;1;2;3;4
train,DR-1_7993.jpg,DR-1_7993.txt,2
train,DR-1_4800.jpg,DR-1_4800.txt,0;1;3;4;5
train,DR-2_3409.jpg,DR-2_3409.txt,0;1;2;3;4
train,DR-2_17137_DYMcmOP.jpg,DR-2_17137_DYMcmOP.txt,0;1;2;3;4
train,DR-1_4615.jpg,DR-1_4615.txt,0;1;2;3;5
train,DR-2_14022_do1B4JW.jpg,DR-2_14022_do1B4JW.txt,1;2;5
train,DR-2_1909_mgeGv7U.jpg,DR-2_1909_mgeGv7U.txt,1;2;3
train,DR-2_2891_hlw9HfQ.jpg,DR-2_2891_hlw9HfQ.txt,1;2;3
train,DR-2_16326.jpg,DR-2_16326.txt,0;1;2;3;4;5
train,DR-2_1235_PRJ901a.jpg,DR-2_1235_PRJ901a.txt,0;1;2;3;5
train,DR-2_2635_mWiNqBS.jpg,DR-2_2635_mWiNqBS.txt,2;3
train,DR-2_11370.jpg,DR-2_11370.txt,0;1;2;3;5
train,DR-2_15358.jpg,DR-2_15358.txt,0;1;2
train,DR-2_3914_wmMGQiD.jpg,DR-2_3914_wmMGQiD.txt,1;2;4
train,DR-2_8480.jpg,DR-2_8480.txt,1;2
train,DR-2_1625.jpg,DR-2_1625.txt,0;1;2;3
train,DR-2_19043.jpg,DR-2_19043.txt,0;2;3
train,DR-2_626.jpg,DR-2_626.txt,0;1;2
train,DR-1_661.jpg,DR-1_661.txt,0;1;2;3;5
train,DR-2_3590_7brLYGv.jpg,DR-2_3590_7brLYGv.txt,0;1;2;3;5
train,DR-2_17369.jpg,DR-2_17369.txt,1;2;4;5
train,DR-1_4739.jpg,DR-1_4739.txt,1;2
train,DR-2_1077_4OV8d2W.jpg,DR-2_1077_4OV8d2W.txt,2;3
train,DR-2_12493.jpg,DR-2_12493.txt,0;3
train,DR-2_10289_qRPGd2X.jpg,DR-2_10289_qRPGd2X.txt,1;2;3;5
train,DR-1_7761.jpg,DR-1_7761.txt,1;2;4
train,DR-2_3548_W5ZuoBe.jpg,DR-2_3548_W5ZuoBe.txt,1;2;4;5
train,DR-1_5551.jpg,DR-1_5551.txt,1;2;3
train,DR-1_9699.jpg,DR-1_9699.txt,0;2
train,DR-2_1663_c79jSjn.jpg,DR-2_1663_c79jSjn.txt,2;3
train,DR-2_6868.jpg,DR-2_6868.txt,0;1;2
train,DR-2_11927.jpg,DR-2_11927.txt,0;1;3;4;5
train,DR-2_8868.jpg,DR-2_8868.txt,0;1;2
train,DR-2_16751.jpg,DR-2_16751.txt,2
train,DR-1_7357.jpg,DR-1_7357.txt,0;1;2;5
train,DR-2_9723_q8NqRuP.jpg,DR-2_9723_q8NqRuP.txt,1;2;4;5
train,DR-2_9271_PmbaGCC.jpg,DR-2_9271_PmbaGCC.txt,1;2;4;5
train,DR-2_12988_ceBmZhx.jpg,DR-2_12988_ceBmZhx.txt,1;2;5
train,DR-2_1882.jpg,DR-2_1882.txt,0;1;2;3
train,DR-2_7755_zZ1yuCd.jpg,DR-2_7755_zZ1yuCd.txt,1;2;4;5
train,DR-1_4219.jpg,DR-1_4219.txt,1;2;3
train,DR-2_4361.jpg,DR-2_4361.txt,0;1;2;3
train,DR-2_9124_5S7xmLI.jpg,DR-2_9124_5S7xmLI.txt,0;2;3
train,DR-1_7115.jpg,DR-1_7115.txt,0;1;2;3;4
train,DR-1_1175.jpg,DR-1_1175.txt,0;1;2;3;5
train,DR-2_18141.jpg,DR-2_18141.txt,0;1;2;3
train,DR-2_19174.jpg,DR-2_19174.txt,1;2;3;4
train,DR-2_16557.jpg,DR-2_16557.txt,0;1;2;3;4
train,DR-2_4898_k0On4J1.jpg,DR-2_4898_k0On4J1.txt,0;1;2;4;5
train,DR-2_17490.jpg,DR-2_17490.txt,5
train,DR-2_4882_GE3n7PA.jpg,DR-2_4882_GE3n7PA.txt,0;1;2;3;4;5
train,DR-2_9928_tQtZwe5.jpg,DR-2_9928_tQtZwe5.txt,0;1;2;3
train,DR-2_18575.jpg,DR-2_18575.txt,0;1;2
train,DR-2_12668.jpg,DR-2_12668.txt,1;2;5
train,DR-2_17228.jpg,DR-2_17228.txt,0;2
train,DR-2_9626.jpg,DR-2_9626.txt,0;2
train,DR-2_12032.jpg,DR-2_12032.txt,0;1;2;4;5
train,DR-2_5615_DOgr1rN.jpg,DR-2_5615_DOgr1rN.txt,1;2;3
train,DR-2_10403_svEUFYE.jpg,DR-2_10403_svEUFYE.txt,1;2;4;5
train,DR-2_14451_9tO7G8j.jpg,DR-2_14451_9tO7G8j.txt,0;2
train,DR-1_8587.jpg,DR-1_8587.txt,1;2
train,DR-2_7677_LsR9w8l.jpg,DR-2_7677_LsR9w8l.txt,1;2;3
train,DR-1_7825.jpg,DR-1_7825.txt,0;1;2;5
train,DR-1_9091.jpg,DR-1_9091.txt,1;4;5
train,DR-2_18591_ipJuh6V.jpg,DR-2_18591_ipJuh6V.txt,3
train,DR-2_10934_qZdrGA0.jpg,DR-2_10934_qZdrGA0.txt,1;2;3
train,DR-1_1895.jpg,DR-1_1895.txt,1;2;4
train,DR-2_14514.jpg,DR-2_14514.txt,1;2;3
train,DR-2_17791_ZJgSGPp.jpg,DR-2_17791_ZJgSGPp.txt,0;1;2;3
train,DR-2_5056_SvmGWHM.jpg,DR-2_5056_SvmGWHM.txt,1;2;3
train,DR-2_18554_Kt2Daz0.jpg,DR-2_18554_Kt2Daz0.txt,0;1;2;4;5
train,DR-2_8063_wrFuJsy.jpg,DR-2_8063_wrFuJsy.txt,1;2;3
train,DR-1_5318.jpg,DR-1_5318.txt,0;1;2
train,DR-2_12572_No6AHPI.jpg,DR-2_12572_No6AHPI.txt,1;2;3
train,DR-2_4282.jpg,DR-2_4282.txt,0;1;2;3;4;5
train,DR-2_19923.jpg,DR-2_19923.txt,0;1;2;3
train,DR-2_1617.jpg,DR-2_1617.txt,1;2;3
train,DR-2_5510.jpg,DR-2_5510.txt,2
train,DR-2_5726.jpg,DR-2_5726.txt,1;2;3
train,DR-2_15985.jpg,DR-2_15985.txt,2
train,DR-2_12833_8Inbhii.jpg,DR-2_12833_8Inbhii.txt,1;2;3;5
train,DR-2_12439_abRu2ku.jpg,DR-2_12439_abRu2ku.txt,0;1;2;3;5
train,DR-2_10880.jpg,DR-2_10880.txt,1;2
train,DR-2_1328.jpg,DR-2_1328.txt,0;1;2
train,DR-2_11783.jpg,DR-2_11783.txt,1;2
train,DR-2_16411_ke7MZQY.jpg,DR-2_16411_ke7MZQY.txt,0;1;2;5
train,DR-2_1247_kVzQZcX.jpg,DR-2_1247_kVzQZcX.txt,1;2;5
train,DR-2_13208_6q1sot3.jpg,DR-2_13208_6q1sot3.txt,1;2;3;4;5
train,DR-2_10705_8ZE9cs5.jpg,DR-2_10705_8ZE9cs5.txt,2
train,DR-1_5236.jpg,DR-1_5236.txt,0;1;2;3;4;5
train,DR-1_3529.jpg,DR-1_3529.txt,1;2;3
train,DR-2_1492_EHN0yrh.jpg,DR-2_1492_EHN0yrh.txt,0;1;2;3;4;5
train,DR-2_7386_AaHtMt4.jpg,DR-2_7386_AaHtMt4.txt,1;2;3
train,DR-2_12106.jpg,DR-2_12106.txt,1;2;4;5
train,DR-2_12310_bTTZYwP.jpg,DR-2_12310_bTTZYwP.txt,0;1;3;4
train,DR-2_15178.jpg,DR-2_15178.txt,1;2;3
train,DR-2_7877.jpg,DR-2_7877.txt,1;2;3
train,DR-1_7823.jpg,DR-1_7823.txt,0;1;2;3;4;5
train,DR-2_14525.jpg,DR-2_14525.txt,1;2;3
train,DR-2_19416.jpg,DR-2_19416.txt,1;2
train,DR-1_7539.jpg,DR-1_7539.txt,0;2
train,DR-1_5167.jpg,DR-1_5167.txt,0;1;2;5
train,DR-1_3409.jpg,DR-1_3409.txt,0;1;2;3
train,DR-2_17781_leFY37a.jpg,DR-2_17781_leFY37a.txt,0;1;3;4;5
train,DR-2_5298.jpg,DR-2_5298.txt,0;1;2;3
train,DR-2_14912_xLqQYk7.jpg,DR-2_14912_xLqQYk7.txt,0;1;2
train,DR-2_5321_7Al4gSU.jpg,DR-2_5321_7Al4gSU.txt,1;2;3;5
train,DR-2_17181.jpg,DR-2_17181.txt,0;1;2;3
train,DR-2_19554_LVA8mhF.jpg,DR-2_19554_LVA8mhF.txt,1;2;4;5
train,DR-2_19979.jpg,DR-2_19979.txt,1;2;3
train,DR-1_167.jpg,DR-1_167.txt,1;4;5
train,DR-2_7373_DltdMAZ.jpg,DR-2_7373_DltdMAZ.txt,1;2;3
train,DR-2_15197_WdTLITA.jpg,DR-2_15197_WdTLITA.txt,1;2;3
train,DR-1_5100.jpg,DR-1_5100.txt,0;1;2;3;5
train,DR-2_16100.jpg,DR-2_16100.txt,0;1;2;3
train,DR-2_13415_Q6fBi9o.jpg,DR-2_13415_Q6fBi9o.txt,1;2;3
train,DR-1_923.jpg,DR-1_923.txt,0;1;2;3;5
train,DR-2_4466_xHdnu3K.jpg,DR-2_4466_xHdnu3K.txt,1;2;3
train,DR-2_15825_t7ezt6Q.jpg,DR-2_15825_t7ezt6Q.txt,0;1;2;3;5
train,DR-2_7098.jpg,DR-2_7098.txt,0;1;3;4;5
train,DR-2_2109.jpg,DR-2_2109.txt,0;3
train,DR-2_9836_ESJdLLy.jpg,DR-2_9836_ESJdLLy.txt,0;1;2;3;4;5
train,DR-2_289_WY8Dc0T.jpg,DR-2_289_WY8Dc0T.txt,1;2;5
train,DR-2_19416_AGkEcx9.jpg,DR-2_19416_AGkEcx9.txt,1;2;5
train,DR-2_802.jpg,DR-2_802.txt,1;2;3
train,DR-2_15584_Xd8QgZ8.jpg,DR-2_15584_Xd8QgZ8.txt,0;1;4;5
train,DR-2_6335_QNFz1Ir.jpg,DR-2_6335_QNFz1Ir.txt,1;2;3
train,DR-1_776.jpg,DR-1_776.txt,0;1;2;3;4
train,DR-2_14207.jpg,DR-2_14207.txt,0;1;2;3;4
train,DR-1_7461.jpg,DR-1_7461.txt,0;1;2;3
train,DR-1_4123.jpg,DR-1_4123.txt,0;1;2;5
train,DR-2_3036.jpg,DR-2_3036.txt,0;1;2;3;4;5
train,DR-2_12490.jpg,DR-2_12490.txt,0;1;2;3;5
train,DR-1_1641.jpg,DR-1_1641.txt,1;2;3
train,DR-2_12690_Dx6VIfC.jpg,DR-2_12690_Dx6VIfC.txt,1;2;3
train,DR-2_13215.jpg,DR-2_13215.txt,1;2;3
train,DR-2_16502_UFJnLYj.jpg,DR-2_16502_UFJnLYj.txt,0;1;2;3
train,DR-2_2097_3BXyJPS.jpg,DR-2_2097_3BXyJPS.txt,0;2;3
train,DR-2_4185_IlEqzzc.jpg,DR-2_4185_IlEqzzc.txt,0;1;2;3;5
train,DR-2_18526_PE2pbZS.jpg,DR-2_18526_PE2pbZS.txt,0;1;2
train,DR-2_109.jpg,DR-2_109.txt,0;1;2;3
train,DR-2_521.jpg,DR-2_521.txt,1;2;4;5
train,DR-2_10373.jpg,DR-2_10373.txt,1;2
train,DR-2_7172_TMdKL0V.jpg,DR-2_7172_TMdKL0V.txt,1;2;5
train,DR-2_5045_XUELcXa.jpg,DR-2_5045_XUELcXa.txt,0;1;2;3;4
train,DR-2_18240.jpg,DR-2_18240.txt,0;1;2;3;4;5
train,DR-2_17877.jpg,DR-2_17877.txt,1;2;3
train,DR-2_18906.jpg,DR-2_18906.txt,2;3
train,DR-1_453.jpg,DR-1_453.txt,0;1;2;3;4;5
train,DR-2_8352_ZpPVllF.jpg,DR-2_8352_ZpPVllF.txt,2;3
train,DR-2_2781.jpg,DR-2_2781.txt,0;1;2;3;4
train,DR-1_1055.jpg,DR-1_1055.txt,0;1;2;3;4;5
train,DR-2_9151_BZw68DI.jpg,DR-2_9151_BZw68DI.txt,2
train,DR-2_9343_ELFZtO6.jpg,DR-2_9343_ELFZtO6.txt,1;2;3
train,DR-2_18818_7wtkOkP.jpg,DR-2_18818_7wtkOkP.txt,1;2
train,DR-2_6410_2tkUuiq.jpg,DR-2_6410_2tkUuiq.txt,1;2;3
train,DR-2_15571.jpg,DR-2_15571.txt,0;1;2;3
train,DR-2_8968_dlJYRGq.jpg,DR-2_8968_dlJYRGq.txt,0;1;2;3;4
train,DR-1_1275.jpg,DR-1_1275.txt,0;1;2;3;5
train,DR-1_4822.jpg,DR-1_4822.txt,1;2;5
train,DR-1_3550.jpg,DR-1_3550.txt,1;4;5
train,DR-2_16919.jpg,DR-2_16919.txt,1;2
train,DR-2_12298_xjZ6VSk.jpg,DR-2_12298_xjZ6VSk.txt,0;2;3
train,DR-1_7208.jpg,DR-1_7208.txt,0;1;2
train,DR-2_649_K3iDmRj.jpg,DR-2_649_K3iDmRj.txt,2
train,DR-2_9420_sq6Jd2u.jpg,DR-2_9420_sq6Jd2u.txt,0;1;2
train,DR-2_3900.jpg,DR-2_3900.txt,0;1;2;3;4;5
train,DR-1_2253.jpg,DR-1_2253.txt,0;1;2;3
train,DR-2_19715.jpg,DR-2_19715.txt,0;1;2;5
train,DR-2_5235.jpg,DR-2_5235.txt,0;1;2;5
train,DR-2_15515_Non3ioQ.jpg,DR-2_15515_Non3ioQ.txt,1;2;4
train,DR-2_10228.jpg,DR-2_10228.txt,1;2;4
train,DR-2_16625.jpg,DR-2_16625.txt,0;2;3
train,DR-2_16771_HrG35FJ.jpg,DR-2_16771_HrG35FJ.txt,0;1;2;3;4;5
train,DR-2_13892_Pco0QGX.jpg,DR-2_13892_Pco0QGX.txt,0;1;2;5
train,DR-1_105.jpg,DR-1_105.txt,1;2;4;5
train,DR-2_17824_D3cYhLu.jpg,DR-2_17824_D3cYhLu.txt,0;1;2;3;4;5
train,DR-2_18837.jpg,DR-2_18837.txt,0;1;2;3;4;5
train,DR-2_19222_AkXFwYm.jpg,DR-2_19222_AkXFwYm.txt,0;2
train,DR-2_10054_KvLSpD5.jpg,DR-2_10054_KvLSpD5.txt,0;1;2;4;5
train,DR-2_2298_pzxlQ4H.jpg,DR-2_2298_pzxlQ4H.txt,0;2;3
train,DR-2_6365_63dxAmP.jpg,DR-2_6365_63dxAmP.txt,1;2;3
train,DR-2_3609_hqUKvCK.jpg,DR-2_3609_hqUKvCK.txt,0;1;2;3;5
train,DR-2_7182_N7QVRTn.jpg,DR-2_7182_N7QVRTn.txt,1;2;5
train,DR-2_9698_W0QfPTo.jpg,DR-2_9698_W0QfPTo.txt,1;2;3
train,DR-2_8704.jpg,DR-2_8704.txt,0;1;2;3
train,DR-1_7569.jpg,DR-1_7569.txt,0;1;2;3;4
train,DR-2_13901_Uv7EulW.jpg,DR-2_13901_Uv7EulW.txt,0;1;2;3;4
train,DR-2_13050.jpg,DR-2_13050.txt,1;2;4
train,DR-2_8210.jpg,DR-2_8210.txt,0;2;3
train,DR-2_3653.jpg,DR-2_3653.txt,0;1;2;3;5
train,DR-1_3700.jpg,DR-1_3700.txt,0;2;3;5
train,DR-2_19588_rBrG5Rs.jpg,DR-2_19588_rBrG5Rs.txt,0;2;3
train,DR-2_1172_dfhqFH3.jpg,DR-2_1172_dfhqFH3.txt,1;2;3
train,DR-2_1337_MVPOOfD.jpg,DR-2_1337_MVPOOfD.txt,1;2;4;5
train,DR-2_6943_FNbJ17V.jpg,DR-2_6943_FNbJ17V.txt,2;4;5
train,DR-2_2992.jpg,DR-2_2992.txt,1;2;5
train,DR-2_17446.jpg,DR-2_17446.txt,0;1;2;3;5
train,DR-1_215.jpg,DR-1_215.txt,1;2;5
train,DR-2_6037_1w5f39m.jpg,DR-2_6037_1w5f39m.txt,2;3
train,DR-2_5926.jpg,DR-2_5926.txt,1;2;4;5
train,DR-2_5427.jpg,DR-2_5427.txt,0;1;2
train,DR-2_16725_mGAaGGj.jpg,DR-2_16725_mGAaGGj.txt,0;1;2;3;5
train,DR-2_6109.jpg,DR-2_6109.txt,0;1;2;3
train,DR-2_9308.jpg,DR-2_9308.txt,0;1;2;3;5
train,DR-2_9118.jpg,DR-2_9118.txt,0;1;2;3;4;5
train,DR-2_7.jpg,DR-2_7.txt,1;2;4;5
train,DR-2_8466_4jrZyYs.jpg,DR-2_8466_4jrZyYs.txt,1;2;3
train,DR-2_11487.jpg,DR-2_11487.txt,0;1;3;4;5
train,DR-2_2094.jpg,DR-2_2094.txt,1;2
train,DR-2_6833.jpg,DR-2_6833.txt,1;2;3
train,DR-1_7774.jpg,DR-1_7774.txt,0;1;2
train,DR-2_19769.jpg,DR-2_19769.txt,0;2
train,DR-2_17914.jpg,DR-2_17914.txt,1;2;5
train,DR-1_1929.jpg,DR-1_1929.txt,0;1;2;3
train,DR-2_8134_IQ7vv4y.jpg,DR-2_8134_IQ7vv4y.txt,0;2
train,DR-2_7970_tUHtUYc.jpg,DR-2_7970_tUHtUYc.txt,2;3
train,DR-2_18239_zs4Sh4Q.jpg,DR-2_18239_zs4Sh4Q.txt,0;1;2;3
train,DR-2_18851.jpg,DR-2_18851.txt,1;2;3
train,DR-2_937.jpg,DR-2_937.txt,0;1;3;5
train,DR-2_2388.jpg,DR-2_2388.txt,1;2;3
train,DR-1_7365.jpg,DR-1_7365.txt,0;1;2;4
train,DR-2_11466.jpg,DR-2_11466.txt,1;2;3
train,DR-1_8856.jpg,DR-1_8856.txt,0;1;2;5
train,DR-2_18230.jpg,DR-2_18230.txt,1;2;3
train,DR-2_8306.jpg,DR-2_8306.txt,0;1;2;3
train,DR-1_2055.jpg,DR-1_2055.txt,1;2
train,DR-2_202.jpg,DR-2_202.txt,1;3
train,DR-1_4693.jpg,DR-1_4693.txt,0;1;2;3;4
train,DR-1_971.jpg,DR-1_971.txt,0;2
train,DR-1_6932.jpg,DR-1_6932.txt,1;2;3
train,DR-1_1995.jpg,DR-1_1995.txt,0;1;2;3;5
train,DR-1_5464.jpg,DR-1_5464.txt,1;2;3
train,DR-2_12562.jpg,DR-2_12562.txt,0;1;2;3
train,DR-2_17823.jpg,DR-2_17823.txt,0;1;3;4
train,DR-2_19403_miL8IYO.jpg,DR-2_19403_miL8IYO.txt,0;1;2;3
train,DR-1_8245.jpg,DR-1_8245.txt,0;1;2;3
train,DR-2_8760.jpg,DR-2_8760.txt,1;2;3
train,DR-1_7595.jpg,DR-1_7595.txt,1;2;3
train,DR-2_7643.jpg,DR-2_7643.txt,1;2;3
train,DR-2_7264_btOoRBR.jpg,DR-2_7264_btOoRBR.txt,0;1;2;3;4;5
train,DR-1_2288.jpg,DR-1_2288.txt,1;5
train,DR-2_8208_Q94Yhfr.jpg,DR-2_8208_Q94Yhfr.txt,1;2;4;5
train,DR-2_2201_HWLdkZ4.jpg,DR-2_2201_HWLdkZ4.txt,0;1;2
train,DR-2_2554_caEoH14.jpg,DR-2_2554_caEoH14.txt,1;2;4;5
train,DR-2_6928_r5P7JFz.jpg,DR-2_6928_r5P7JFz.txt,0;1;2;3
train,DR-2_10155_DOfmrb3.jpg,DR-2_10155_DOfmrb3.txt,0;1;2;3;4
train,DR-2_17630.jpg,DR-2_17630.txt,0;1;2
train,DR-1_781.jpg,DR-1_781.txt,0;1;2;3;4;5
train,DR-2_6843.jpg,DR-2_6843.txt,0;1;2;3;5
train,DR-2_6265_dUERCmG.jpg,DR-2_6265_dUERCmG.txt,1;2;5
train,DR-2_9471_ekIWkJO.jpg,DR-2_9471_ekIWkJO.txt,1;2
train,DR-2_3187_koXrETr.jpg,DR-2_3187_koXrETr.txt,0;1;2;5
train,DR-1_3224.jpg,DR-1_3224.txt,1;2;3
train,DR-2_12059_z15rfCU.jpg,DR-2_12059_z15rfCU.txt,1;4
train,DR-2_9177_fdxYTyG.jpg,DR-2_9177_fdxYTyG.txt,1;2;4;5
train,DR-1_2784.jpg,DR-1_2784.txt,0;1;2;4;5
train,DR-2_8557_fLQ0jVd.jpg,DR-2_8557_fLQ0jVd.txt,0;2;3
train,DR-2_14055_upZXE4M.jpg,DR-2_14055_upZXE4M.txt,0;1;2;3
train,DR-1_9487.jpg,DR-1_9487.txt,1;4;5
train,DR-2_19575.jpg,DR-2_19575.txt,0;1;2
train,DR-1_8661.jpg,DR-1_8661.txt,1;2;5
train,DR-2_16529.jpg,DR-2_16529.txt,0;2;3
train,DR-2_15585_ODOcZP1.jpg,DR-2_15585_ODOcZP1.txt,0;1;2;3;4
train,DR-2_16571.jpg,DR-2_16571.txt,1;2;3
train,DR-2_7075_vrWp35H.jpg,DR-2_7075_vrWp35H.txt,0;1;2;3;5
train,DR-2_15803.jpg,DR-2_15803.txt,0;1;2;3
train,DR-2_9054_iQlCTRH.jpg,DR-2_9054_iQlCTRH.txt,1;2;4;5
train,DR-2_13790.jpg,DR-2_13790.txt,1;2;3
train,DR-2_5026.jpg,DR-2_5026.txt,1;4
train,DR-2_3510_sIJDpze.jpg,DR-2_3510_sIJDpze.txt,1;2;4;5
train,DR-2_11147.jpg,DR-2_11147.txt,0;2
train,DR-2_18853_KZfE2Io.jpg,DR-2_18853_KZfE2Io.txt,0;1;2;4;5
train,DR-2_11166_RySpsdE.jpg,DR-2_11166_RySpsdE.txt,1;2;3
train,DR-2_19830.jpg,DR-2_19830.txt,1;2;3
train,DR-2_9884_UN4zaP4.jpg,DR-2_9884_UN4zaP4.txt,2;3
train,DR-2_11993_2vtQWbk.jpg,DR-2_11993_2vtQWbk.txt,0;1;2;3
train,DR-2_15411.jpg,DR-2_15411.txt,1;2;5
train,DR-2_11602.jpg,DR-2_11602.txt,1;3
train,DR-2_3980.jpg,DR-2_3980.txt,0;1;2
train,DR-2_14846_dvFzgWL.jpg,DR-2_14846_dvFzgWL.txt,0;1;2;3;4;5
train,DR-2_3263_BEHMQo6.jpg,DR-2_3263_BEHMQo6.txt,1;2;4;5
train,DR-2_8870.jpg,DR-2_8870.txt,1;2;3
train,DR-2_16420.jpg,DR-2_16420.txt,1;2
train,DR-2_6684.jpg,DR-2_6684.txt,0;1;2;5
train,DR-2_8154.jpg,DR-2_8154.txt,1;2;5
train,DR-2_4691_Wq3qRnF.jpg,DR-2_4691_Wq3qRnF.txt,0;1;2;3;4
train,DR-1_4155.jpg,DR-1_4155.txt,0;1;2;4;5
train,DR-2_9948_u9L8Coq.jpg,DR-2_9948_u9L8Coq.txt,0;2;3
train,DR-2_18153_mU0ah2g.jpg,DR-2_18153_mU0ah2g.txt,2
train,DR-2_3712.jpg,DR-2_3712.txt,1;2;3
train,DR-2_1207_0GfbCBt.jpg,DR-2_1207_0GfbCBt.txt,0;1;3;4;5
train,DR-1_4469.jpg,DR-1_4469.txt,0;1;3;4
train,DR-2_4510_wJIy0Fw.jpg,DR-2_4510_wJIy0Fw.txt,1;2;3
train,DR-2_10828_GiIMmBq.jpg,DR-2_10828_GiIMmBq.txt,1;2;3
train,DR-2_9599.jpg,DR-2_9599.txt,1;2;3
train,DR-1_3676.jpg,DR-1_3676.txt,1;2;3;5
train,DR-1_5278.jpg,DR-1_5278.txt,2;3
train,DR-2_17318_Vzc2XPR.jpg,DR-2_17318_Vzc2XPR.txt,1;2;3
train,DR-2_17646.jpg,DR-2_17646.txt,1;2;5
train,DR-2_18110.jpg,DR-2_18110.txt,0;1;2;4;5
train,DR-2_8194.jpg,DR-2_8194.txt,0;3
train,DR-2_8319.jpg,DR-2_8319.txt,0;1;2;3;5
train,DR-2_18366_4mXPfTF.jpg,DR-2_18366_4mXPfTF.txt,3
train,DR-1_9190.jpg,DR-1_9190.txt,0;1;2;3;4
train,DR-2_7504_hsIGMfu.jpg,DR-2_7504_hsIGMfu.txt,2;3
train,DR-1_7199.jpg,DR-1_7199.txt,1;2;5
train,DR-2_9990_c57X1Ew.jpg,DR-2_9990_c57X1Ew.txt,1;2;3
train,DR-2_2932_6OcCZNq.jpg,DR-2_2932_6OcCZNq.txt,1;2;3
train,DR-2_19638.jpg,DR-2_19638.txt,0;1;2;3
train,DR-2_5010.jpg,DR-2_5010.txt,1;2;3
train,DR-2_11052.jpg,DR-2_11052.txt,0;1;2;3
train,DR-2_13131.jpg,DR-2_13131.txt,0;1;2;3
train,DR-2_4945.jpg,DR-2_4945.txt,1;2;3
train,DR-2_1985.jpg,DR-2_1985.txt,1;2;3
train,DR-2_3176_3WTbVwj.jpg,DR-2_3176_3WTbVwj.txt,0;1;2;3;4
train,DR-2_14176.jpg,DR-2_14176.txt,0;1;2;3;4
train,DR-2_17840.jpg,DR-2_17840.txt,1;2;3
train,DR-2_10528.jpg,DR-2_10528.txt,1;2;5
train,DR-2_19355.jpg,DR-2_19355.txt,0;1;2
train,DR-1_3542.jpg,DR-1_3542.txt,1;2;3
train,DR-2_13248_pnzWIDz.jpg,DR-2_13248_pnzWIDz.txt,1;2
train,DR-1_4372.jpg,DR-1_4372.txt,1;2;3
train,DR-1_5397.jpg,DR-1_5397.txt,1;2;3
train,DR-2_1399_2p4hovK.jpg,DR-2_1399_2p4hovK.txt,1;2;3
train,DR-2_8677_Ra4emg2.jpg,DR-2_8677_Ra4emg2.txt,1;2;3
train,DR-2_2730.jpg,DR-2_2730.txt,0;1;2;3;4;5
train,DR-2_1836.jpg,DR-2_1836.txt,0;1;2;3;4
train,DR-2_16256_Dp81zTR.jpg,DR-2_16256_Dp81zTR.txt,1;2;3
train,DR-1_9642.jpg,DR-1_9642.txt,0;2;3
train,DR-2_1889.jpg,DR-2_1889.txt,0;1;2;4;5
train,DR-2_8340_tqStX0t.jpg,DR-2_8340_tqStX0t.txt,1;2;4;5
train,DR-2_17194.jpg,DR-2_17194.txt,0;2;3
train,DR-2_18576_Nlh5tPC.jpg,DR-2_18576_Nlh5tPC.txt,0;2
train,DR-2_3483.jpg,DR-2_3483.txt,1;2;4;5
train,DR-2_19231_CTAeqrJ.jpg,DR-2_19231_CTAeqrJ.txt,0;1;2;5
train,DR-2_4894.jpg,DR-2_4894.txt,1;2;4;5
train,DR-2_16588.jpg,DR-2_16588.txt,0;1;2;3;4;5
train,DR-2_4836.jpg,DR-2_4836.txt,1;4;5
train,DR-2_2945_a1fPwUH.jpg,DR-2_2945_a1fPwUH.txt,1;2;3
train,DR-2_439.jpg,DR-2_439.txt,0;1;2;3;5
train,DR-2_14186.jpg,DR-2_14186.txt,1;2
train,DR-2_17481.jpg,DR-2_17481.txt,2;3
train,DR-2_14561_CgOUIhk.jpg,DR-2_14561_CgOUIhk.txt,0;1;2;3;5
train,DR-2_7044_RFgnSg9.jpg,DR-2_7044_RFgnSg9.txt,0;1;2;3;4;5
train,DR-2_3516_uEizr29.jpg,DR-2_3516_uEizr29.txt,1;2
train,DR-2_3290.jpg,DR-2_3290.txt,0;2
train,DR-2_2441_1SWxnBB.jpg,DR-2_2441_1SWxnBB.txt,0;1;2;5
train,DR-2_7977_p31n0ke.jpg,DR-2_7977_p31n0ke.txt,1;2;3
train,DR-2_17402_qNdtfr0.jpg,DR-2_17402_qNdtfr0.txt,0;1;2;3;5
train,DR-2_19059.jpg,DR-2_19059.txt,1;4;5
train,DR-2_8787_u9iyZsa.jpg,DR-2_8787_u9iyZsa.txt,0;1;2;3;4
train,DR-2_16560.jpg,DR-2_16560.txt,1;5
train,DR-2_17517_kYwaHQo.jpg,DR-2_17517_kYwaHQo.txt,1;2;3
train,DR-2_10786.jpg,DR-2_10786.txt,1;2;3
train,DR-2_2131.jpg,DR-2_2131.txt,1;2;3
train,DR-1_6017.jpg,DR-1_6017.txt,0;2;3
train,DR-1_6450.jpg,DR-1_6450.txt,1;4;5
train,DR-1_163.jpg,DR-1_163.txt,2
train,DR-2_11146.jpg,DR-2_11146.txt,2
train,DR-2_5661.jpg,DR-2_5661.txt,0;1;2;3
train,DR-2_12461.jpg,DR-2_12461.txt,0;1;2;3
train,DR-2_18292_DekwxF1.jpg,DR-2_18292_DekwxF1.txt,0;2
train,DR-1_3072.jpg,DR-1_3072.txt,0;1;2;3
train,DR-2_3232.jpg,DR-2_3232.txt,0;1;2;3;5
train,DR-2_1689_A02z53u.jpg,DR-2_1689_A02z53u.txt,1;2;5
train,DR-2_11603.jpg,DR-2_11603.txt,0;1;2;3;4
train,DR-2_17082.jpg,DR-2_17082.txt,0;1;2;4;5
train,DR-1_9732.jpg,DR-1_9732.txt,1;2;3
train,DR-1_3271.jpg,DR-1_3271.txt,0;1;4;5
train,DR-2_19550_vM7ir5x.jpg,DR-2_19550_vM7ir5x.txt,1;2;4;5
train,DR-2_6755_4cRl6ao.jpg,DR-2_6755_4cRl6ao.txt,0;1;2;3;4
train,DR-2_17947_rEHijTy.jpg,DR-2_17947_rEHijTy.txt,2;3
train,DR-1_7167.jpg,DR-1_7167.txt,0;1;2;4;5
train,DR-2_2796.jpg,DR-2_2796.txt,0;1;2
train,DR-2_6716.jpg,DR-2_6716.txt,0;1;2
train,DR-2_5914.jpg,DR-2_5914.txt,1;2;4;5
train,DR-2_16272_9h8xuY8.jpg,DR-2_16272_9h8xuY8.txt,2;3
train,DR-2_9082_ylGw18i.jpg,DR-2_9082_ylGw18i.txt,0;1;2;3;4;5
train,DR-2_16538_W1Cn8Li.jpg,DR-2_16538_W1Cn8Li.txt,0;1;2;3
train,DR-1_7711.jpg,DR-1_7711.txt,0;1;2;3;4;5
train,DR-1_2413.jpg,DR-1_2413.txt,0;2
train,DR-1_3392.jpg,DR-1_3392.txt,1;2
train,DR-2_715_aBjZBTC.jpg,DR-2_715_aBjZBTC.txt,1;2;5
train,DR-2_15079_Hj8Z7KX.jpg,DR-2_15079_Hj8Z7KX.txt,1;2;3
train,DR-1_860.jpg,DR-1_860.txt,0;1;2;3
train,DR-2_691_l0AOMw2.jpg,DR-2_691_l0AOMw2.txt,0;1;2;3;4
train,DR-2_9493_fccpbnJ.jpg,DR-2_9493_fccpbnJ.txt,0;1;2;3
train,DR-2_9979_9fhpwao.jpg,DR-2_9979_9fhpwao.txt,1;2;3
train,DR-2_16907.jpg,DR-2_16907.txt,0;1;3;4
train,DR-2_3814_GUQK6dy.jpg,DR-2_3814_GUQK6dy.txt,1;2;4
train,DR-2_15993_zv2MmYY.jpg,DR-2_15993_zv2MmYY.txt,1;2
train,DR-2_11763.jpg,DR-2_11763.txt,0;1;3
train,DR-2_19354_bj3ozCE.jpg,DR-2_19354_bj3ozCE.txt,1;2;3
train,DR-2_18216.jpg,DR-2_18216.txt,1;2;3
train,DR-2_11591_HPIVfTx.jpg,DR-2_11591_HPIVfTx.txt,0;1;3;5
train,DR-2_11114.jpg,DR-2_11114.txt,0;1;2;5
train,DR-2_5556_AiXUztx.jpg,DR-2_5556_AiXUztx.txt,1;2;3
train,DR-2_7213.jpg,DR-2_7213.txt,0;1;2;3
train,DR-2_13288.jpg,DR-2_13288.txt,1;2;5
train,DR-1_421.jpg,DR-1_421.txt,2;3
train,DR-2_15675.jpg,DR-2_15675.txt,0;1;2
train,DR-1_8329.jpg,DR-1_8329.txt,1;2
train,DR-1_9714.jpg,DR-1_9714.txt,0;1;2;4;5
train,DR-1_9849.jpg,DR-1_9849.txt,1;2;3
train,DR-2_17603_CWtW2Sm.jpg,DR-2_17603_CWtW2Sm.txt,1;2;4;5
train,DR-1_5858.jpg,DR-1_5858.txt,0;2
train,DR-1_2405.jpg,DR-1_2405.txt,0;2
train,DR-2_4160_F2BdX96.jpg,DR-2_4160_F2BdX96.txt,0;1;2;3
train,DR-1_6135.jpg,DR-1_6135.txt,1;2
train,DR-1_8884.jpg,DR-1_8884.txt,1;2;3
train,DR-1_593.jpg,DR-1_593.txt,0;1;2;3;4;5
train,DR-2_19000_d83Wz3G.jpg,DR-2_19000_d83Wz3G.txt,1;2;3
train,DR-2_19121_nudtADL.jpg,DR-2_19121_nudtADL.txt,1;2
train,DR-1_1951.jpg,DR-1_1951.txt,0;1;2;3
train,DR-1_8453.jpg,DR-1_8453.txt,0;1;2;3;4
train,DR-2_4703.jpg,DR-2_4703.txt,1;2;3
train,DR-2_3965.jpg,DR-2_3965.txt,0;2
train,DR-2_9757.jpg,DR-2_9757.txt,0;1;2;3;5
train,DR-2_10094_XUoR6rw.jpg,DR-2_10094_XUoR6rw.txt,0;1;2;3
train,DR-2_11093_0lxNZGe.jpg,DR-2_11093_0lxNZGe.txt,1;2;5
train,DR-2_2132.jpg,DR-2_2132.txt,0;1;2;3
train,DR-2_8793_w9QnOKu.jpg,DR-2_8793_w9QnOKu.txt,0;1;3;5
train,DR-2_11166.jpg,DR-2_11166.txt,1;2
train,DR-2_8872.jpg,DR-2_8872.txt,0;1;2;3;4
train,DR-2_19850.jpg,DR-2_19850.txt,1;2
train,DR-2_4962.jpg,DR-2_4962.txt,0;1;2;3;5
train,DR-1_1488.jpg,DR-1_1488.txt,1;2;3
train,DR-2_8920_cKNafO1.jpg,DR-2_8920_cKNafO1.txt,1;2;3
train,DR-1_61.jpg,DR-1_61.txt,2;3
train,DR-2_15440_g57vRhe.jpg,DR-2_15440_g57vRhe.txt,0;1;2;3;4;5
train,DR-1_6385.jpg,DR-1_6385.txt,1;2;5
train,DR-2_168_SDavv4q.jpg,DR-2_168_SDavv4q.txt,0;1;2;3
train,DR-2_8961_sE2jzlH.jpg,DR-2_8961_sE2jzlH.txt,1;2;3
train,DR-2_5185_Jpmbuce.jpg,DR-2_5185_Jpmbuce.txt,1;2;5
train,DR-2_4326_kJXjzyh.jpg,DR-2_4326_kJXjzyh.txt,0;1;2;3;4;5
train,DR-1_3941.jpg,DR-1_3941.txt,1;2;4;5
train,DR-2_10194_DCKiXJc.jpg,DR-2_10194_DCKiXJc.txt,0;1;2;3
train,DR-2_2685_Z6q4Ugj.jpg,DR-2_2685_Z6q4Ugj.txt,0;1;2;3
train,DR-1_6584.jpg,DR-1_6584.txt,0;1;3;4
train,DR-2_5167.jpg,DR-2_5167.txt,1;2;4
train,DR-2_2515_VxnBmNa.jpg,DR-2_2515_VxnBmNa.txt,0;1;2;3;5
train,DR-2_17219_d0cng0L.jpg,DR-2_17219_d0cng0L.txt,0;2
train,DR-2_2177.jpg,DR-2_2177.txt,1;2;4;5
train,DR-1_7881.jpg,DR-1_7881.txt,1;2;3;4;5
train,DR-2_16141.jpg,DR-2_16141.txt,0;1;2
train,DR-2_578.jpg,DR-2_578.txt,0;1;2;3
train,DR-2_10716_g9op030.jpg,DR-2_10716_g9op030.txt,1;2;3
train,DR-1_2972.jpg,DR-1_2972.txt,2;3
train,DR-2_13540.jpg,DR-2_13540.txt,1;2;3
train,DR-1_8142.jpg,DR-1_8142.txt,0;1;2
train,DR-2_18822_pE9QWb0.jpg,DR-2_18822_pE9QWb0.txt,1;5
train,DR-2_8995_yMEyT8E.jpg,DR-2_8995_yMEyT8E.txt,0;1;2
train,DR-2_3650.jpg,DR-2_3650.txt,0;2;3
train,DR-2_8436_otHbWk9.jpg,DR-2_8436_otHbWk9.txt,1;2;4
train,DR-1_3110.jpg,DR-1_3110.txt,0;1;2;3;4;5
train,DR-2_1749_l7WsZ63.jpg,DR-2_1749_l7WsZ63.txt,1;2
train,DR-1_1697.jpg,DR-1_1697.txt,1;2;3
train,DR-2_6994.jpg,DR-2_6994.txt,0;1;2;3;4;5
train,DR-1_1332.jpg,DR-1_1332.txt,0;1;2
train,DR-1_5191.jpg,DR-1_5191.txt,0;1;2;3;5
train,DR-1_8308.jpg,DR-1_8308.txt,0;1;2;3
train,DR-2_16726.jpg,DR-2_16726.txt,1;2;3
train,DR-2_17645_BwaTtjN.jpg,DR-2_17645_BwaTtjN.txt,0;1;2;3;5
train,DR-2_18208_SUPXTLn.jpg,DR-2_18208_SUPXTLn.txt,1;2;3;4;5
train,DR-2_4665.jpg,DR-2_4665.txt,0;1;2;4;5
train,DR-2_2326_xjfZl6q.jpg,DR-2_2326_xjfZl6q.txt,0;2;3
train,DR-2_17385_oNSgl6l.jpg,DR-2_17385_oNSgl6l.txt,0;1;2;3;5
train,DR-2_10178_8w5ruWN.jpg,DR-2_10178_8w5ruWN.txt,1;2;3
train,DR-2_10986_aXcTFgt.jpg,DR-2_10986_aXcTFgt.txt,0;1;2;5
train,DR-2_5731.jpg,DR-2_5731.txt,1;2;4;5
train,DR-1_7114.jpg,DR-1_7114.txt,1;2;5
train,DR-2_6372_FnEoIVF.jpg,DR-2_6372_FnEoIVF.txt,1;2;3
train,DR-2_13797_xG3Ws7K.jpg,DR-2_13797_xG3Ws7K.txt,0;1;2;3
train,DR-2_18482_4r8OaR7.jpg,DR-2_18482_4r8OaR7.txt,1;2
train,DR-1_2456.jpg,DR-1_2456.txt,1;5
train,DR-1_9577.jpg,DR-1_9577.txt,0;2;3
train,DR-2_2527.jpg,DR-2_2527.txt,1;2;4;5
train,DR-2_6399.jpg,DR-2_6399.txt,0;1;2;3
train,DR-1_6042.jpg,DR-1_6042.txt,1;2
train,DR-2_15046_2EIPCrN.jpg,DR-2_15046_2EIPCrN.txt,2
train,DR-2_11626_gVfXzPE.jpg,DR-2_11626_gVfXzPE.txt,0;1;2;3
train,DR-2_13429.jpg,DR-2_13429.txt,1;2;3
train,DR-2_17405_1xpagVE.jpg,DR-2_17405_1xpagVE.txt,0;2
train,DR-2_18955.jpg,DR-2_18955.txt,1;2;3
train,DR-1_5320.jpg,DR-1_5320.txt,0;1;2
train,DR-2_17307.jpg,DR-2_17307.txt,0;1;2;3
train,DR-2_15329.jpg,DR-2_15329.txt,0;2
train,DR-2_2035_oaY4doo.jpg,DR-2_2035_oaY4doo.txt,1;4;5
train,DR-2_5205.jpg,DR-2_5205.txt,1;2;3
train,DR-2_9284.jpg,DR-2_9284.txt,0;1;2;3;5
train,DR-2_17842.jpg,DR-2_17842.txt,1;2;3
train,DR-2_14361_p9PVCQa.jpg,DR-2_14361_p9PVCQa.txt,1;2;3
train,DR-2_7572_htAltSU.jpg,DR-2_7572_htAltSU.txt,1;2;3
train,DR-2_4631_fv3LJvR.jpg,DR-2_4631_fv3LJvR.txt,1;4;5
train,DR-2_10658_ZUbYuct.jpg,DR-2_10658_ZUbYuct.txt,1;4;5
train,DR-1_6191.jpg,DR-1_6191.txt,0;1;5
train,DR-2_15584.jpg,DR-2_15584.txt,0;1;2;3;4;5
train,DR-2_19783.jpg,DR-2_19783.txt,0;2;3
train,DR-2_8994_FpZV6EN.jpg,DR-2_8994_FpZV6EN.txt,0;1;2;3;4;5
train,DR-2_16558_8Zox10s.jpg,DR-2_16558_8Zox10s.txt,0;1;2;3;4;5
train,DR-2_12502_q7phHAQ.jpg,DR-2_12502_q7phHAQ.txt,0;1;2;3;4;5
train,DR-1_8094.jpg,DR-1_8094.txt,0;1;2;3;4;5
train,DR-2_11392_gqdb7kB.jpg,DR-2_11392_gqdb7kB.txt,0;1;2;3;4
train,DR-2_9418_NbuQ7lk.jpg,DR-2_9418_NbuQ7lk.txt,1;2;4;5
train,DR-2_14469_RSQkDQH.jpg,DR-2_14469_RSQkDQH.txt,0;1;2;3;4;5
train,DR-2_5026_B3tn9QA.jpg,DR-2_5026_B3tn9QA.txt,0;2
train,DR-2_5079.jpg,DR-2_5079.txt,0;1;2;3;5
train,DR-2_11590_NmbxETp.jpg,DR-2_11590_NmbxETp.txt,0;2
train,DR-2_1499.jpg,DR-2_1499.txt,0;1;2;5
train,DR-2_14119.jpg,DR-2_14119.txt,1;2;3
train,DR-2_14088.jpg,DR-2_14088.txt,1;2;5
train,DR-2_6790.jpg,DR-2_6790.txt,1;2;3
train,DR-1_3490.jpg,DR-1_3490.txt,0;1;2;5
train,DR-2_7354_M1NYRd0.jpg,DR-2_7354_M1NYRd0.txt,1;2;3
train,DR-2_15374.jpg,DR-2_15374.txt,0;1;2
train,DR-1_9516.jpg,DR-1_9516.txt,1;2;3;5
train,DR-2_2723_2WE50jF.jpg,DR-2_2723_2WE50jF.txt,1;2;4;5
train,DR-1_6883.jpg,DR-1_6883.txt,0;1;2;5
train,DR-2_2890.jpg,DR-2_2890.txt,2
train,DR-2_12574.jpg,DR-2_12574.txt,1;2;3
train,DR-2_5403_r0N8MMA.jpg,DR-2_5403_r0N8MMA.txt,0;1;2;3;4
train,DR-2_3702_6V8Q4vv.jpg,DR-2_3702_6V8Q4vv.txt,0;1;2;3;4
train,DR-2_17631.jpg,DR-2_17631.txt,0;1;2;4;5
train,DR-2_18679.jpg,DR-2_18679.txt,0;1;2;3
train,DR-2_4152.jpg,DR-2_4152.txt,1;2;3
train,DR-2_8065_sMuuVea.jpg,DR-2_8065_sMuuVea.txt,1;2;3
train,DR-2_11420.jpg,DR-2_11420.txt,0;1;2;3
train,DR-2_800_1YB8xrp.jpg,DR-2_800_1YB8xrp.txt,0;1;2;3;4
train,DR-2_4906.jpg,DR-2_4906.txt,1;2;3
train,DR-2_15816_BSX5PW2.jpg,DR-2_15816_BSX5PW2.txt,1;2
train,DR-2_18469.jpg,DR-2_18469.txt,0;1;3;4
train,DR-2_19981.jpg,DR-2_19981.txt,1
train,DR-2_4520_pUjkMNV.jpg,DR-2_4520_pUjkMNV.txt,1;2;5
train,DR-2_13920.jpg,DR-2_13920.txt,1;2;3
train,DR-2_2833_ZxiAR9O.jpg,DR-2_2833_ZxiAR9O.txt,2;3
train,DR-2_14483_gP3fUAv.jpg,DR-2_14483_gP3fUAv.txt,1;5
train,DR-2_6428_jKK89sp.jpg,DR-2_6428_jKK89sp.txt,0;2
train,DR-2_3930_2ruTINE.jpg,DR-2_3930_2ruTINE.txt,0;1;2;3
train,DR-2_3481_f2w1szS.jpg,DR-2_3481_f2w1szS.txt,0;2
train,DR-2_16335_S7AYgcO.jpg,DR-2_16335_S7AYgcO.txt,1;2;3
train,DR-2_8176.jpg,DR-2_8176.txt,0;1;2;3
train,DR-2_18542.jpg,DR-2_18542.txt,0;2;3
train,DR-2_6860.jpg,DR-2_6860.txt,0;1;2;3
train,DR-2_6518_GuGIiwX.jpg,DR-2_6518_GuGIiwX.txt,2
train,DR-2_329_2XuPEnQ.jpg,DR-2_329_2XuPEnQ.txt,0;1;2;4;5
train,DR-1_1270.jpg,DR-1_1270.txt,0;1;2;5
train,DR-2_14375.jpg,DR-2_14375.txt,0;1;2;3;4
train,DR-2_13771.jpg,DR-2_13771.txt,1;2
train,DR-2_17340_3JYsakb.jpg,DR-2_17340_3JYsakb.txt,3
train,DR-2_54.jpg,DR-2_54.txt,1;2;4;5
train,DR-2_9463_f91LQnf.jpg,DR-2_9463_f91LQnf.txt,2
train,DR-2_17624_6BZZAhH.jpg,DR-2_17624_6BZZAhH.txt,0;1;2
train,DR-2_12878.jpg,DR-2_12878.txt,0;1;2;3
train,DR-2_18711.jpg,DR-2_18711.txt,1;2;4;5
train,DR-2_12064.jpg,DR-2_12064.txt,1;2;3
train,DR-1_4107.jpg,DR-1_4107.txt,0;1;2;3;5
train,DR-2_5429.jpg,DR-2_5429.txt,0;1;2
train,DR-2_3963_anf3U1a.jpg,DR-2_3963_anf3U1a.txt,0;1;2;3
train,DR-2_5301.jpg,DR-2_5301.txt,1;2;4;5
train,DR-2_4135.jpg,DR-2_4135.txt,1;2
train,DR-2_9489_uPU9jxv.jpg,DR-2_9489_uPU9jxv.txt,1;2;5
train,DR-1_1656.jpg,DR-1_1656.txt,0;1;2;5
train,DR-1_4060.jpg,DR-1_4060.txt,0;1;2;3;4;5
train,DR-1_6207.jpg,DR-1_6207.txt,0;3;4
train,DR-1_6759.jpg,DR-1_6759.txt,2;3
train,DR-1_2554.jpg,DR-1_2554.txt,1;2;4;5
train,DR-2_3411.jpg,DR-2_3411.txt,1;2;5
train,DR-2_13584.jpg,DR-2_13584.txt,0;1;2;3;5
train,DR-2_6649.jpg,DR-2_6649.txt,1;2;3
train,DR-1_3814.jpg,DR-1_3814.txt,0;1;4;5
train,DR-2_12203_6WB3NLr.jpg,DR-2_12203_6WB3NLr.txt,0;1;2;3;4;5
train,DR-2_17836.jpg,DR-2_17836.txt,0;1;2;3;4;5
train,DR-2_9891.jpg,DR-2_9891.txt,2;3
train,DR-2_5737.jpg,DR-2_5737.txt,0;1;5
train,DR-1_6906.jpg,DR-1_6906.txt,1;2;3
train,DR-2_151_gpYBev8.jpg,DR-2_151_gpYBev8.txt,2;3
train,DR-2_12029_Q25WkDq.jpg,DR-2_12029_Q25WkDq.txt,1;2;4;5
train,DR-1_3367.jpg,DR-1_3367.txt,0;1;3;4;5
train,DR-1_485.jpg,DR-1_485.txt,1;2;5
train,DR-2_19881.jpg,DR-2_19881.txt,2;3
train,DR-2_18673_FBy9WR3.jpg,DR-2_18673_FBy9WR3.txt,0;1;2;3
train,DR-2_7196.jpg,DR-2_7196.txt,0;1;2;3
train,DR-1_2574.jpg,DR-1_2574.txt,1;2
train,DR-2_14572_OdIqVWN.jpg,DR-2_14572_OdIqVWN.txt,1;2;3
train,DR-1_8476.jpg,DR-1_8476.txt,0;1;2;3
train,DR-2_15603.jpg,DR-2_15603.txt,1;2
train,DR-1_1727.jpg,DR-1_1727.txt,0;2;3
train,DR-2_11716.jpg,DR-2_11716.txt,0;1;2;3;5
train,DR-2_9024_FdPGuBC.jpg,DR-2_9024_FdPGuBC.txt,1;2;5
train,DR-1_7926.jpg,DR-1_7926.txt,1;2;4;5
train,DR-2_10018_EycOtBX.jpg,DR-2_10018_EycOtBX.txt,2
train,DR-2_6130_uVnKL6o.jpg,DR-2_6130_uVnKL6o.txt,1;2;3;4;5
train,DR-2_5938_5IoZsFo.jpg,DR-2_5938_5IoZsFo.txt,1;2;3
train,DR-2_10717_cyzR1l6.jpg,DR-2_10717_cyzR1l6.txt,1;2;3
train,DR-2_12026_CEC5nel.jpg,DR-2_12026_CEC5nel.txt,0;1;2;4;5
train,DR-2_1722.jpg,DR-2_1722.txt,1;2;3
train,DR-2_9784.jpg,DR-2_9784.txt,1;2;4;5
train,DR-1_6393.jpg,DR-1_6393.txt,0;3
train,DR-2_7699_DhgbXmM.jpg,DR-2_7699_DhgbXmM.txt,0;1;2;3;4;5
train,DR-2_1550.jpg,DR-2_1550.txt,0;1;2;3;4;5
train,DR-2_18200_e9vLOtr.jpg,DR-2_18200_e9vLOtr.txt,2;3
train,DR-2_16927_Fv2KmN8.jpg,DR-2_16927_Fv2KmN8.txt,0;4;5
train,DR-2_9531.jpg,DR-2_9531.txt,0;1;2
train,DR-1_4940.jpg,DR-1_4940.txt,0;1;2;3;4;5
train,DR-2_11282_5zrJqVF.jpg,DR-2_11282_5zrJqVF.txt,0;1;2;3;4;5
train,DR-2_2259.jpg,DR-2_2259.txt,0;1;2;3
train,DR-2_19190_T5Qgvw8.jpg,DR-2_19190_T5Qgvw8.txt,3
train,DR-2_2426.jpg,DR-2_2426.txt,0;1;2;3
train,DR-2_7443.jpg,DR-2_7443.txt,1;2;3
train,DR-2_9858_S8tDxXJ.jpg,DR-2_9858_S8tDxXJ.txt,0;1;2
train,DR-2_14090_skK5NzF.jpg,DR-2_14090_skK5NzF.txt,1;2;3
train,DR-2_730.jpg,DR-2_730.txt,0;1;3;4;5
train,DR-2_2434_Wh42e8F.jpg,DR-2_2434_Wh42e8F.txt,0;1;3;5
train,DR-1_7934.jpg,DR-1_7934.txt,2;3
train,DR-2_11859_hUZCMfT.jpg,DR-2_11859_hUZCMfT.txt,0;2;3
train,DR-1_4329.jpg,DR-1_4329.txt,2;4;5
train,DR-1_3870.jpg,DR-1_3870.txt,1;2;3
train,DR-2_8671.jpg,DR-2_8671.txt,1;2;3
train,DR-2_16277.jpg,DR-2_16277.txt,0;1;2;4;5
train,DR-1_6720.jpg,DR-1_6720.txt,0;1;2;3;4
train,DR-2_6396.jpg,DR-2_6396.txt,1;2;3
train,DR-2_1293.jpg,DR-2_1293.txt,0;2
train,DR-2_7056.jpg,DR-2_7056.txt,1;2;3
train,DR-2_13590_6hiS4XQ.jpg,DR-2_13590_6hiS4XQ.txt,0;1;2
train,DR-2_16685.jpg,DR-2_16685.txt,0;1;2;3
train,DR-1_2566.jpg,DR-1_2566.txt,0;2
train,DR-2_9745_XNsl726.jpg,DR-2_9745_XNsl726.txt,0;1;2;3;5
train,DR-2_1492.jpg,DR-2_1492.txt,0;1;4;5
train,DR-2_9510_tp0IxHY.jpg,DR-2_9510_tp0IxHY.txt,1;2;4;5
train,DR-2_12521_Ixk0MVM.jpg,DR-2_12521_Ixk0MVM.txt,0;1;2;3;4;5
train,DR-2_16248_lgnZQTd.jpg,DR-2_16248_lgnZQTd.txt,0;1;2;3
train,DR-2_10025.jpg,DR-2_10025.txt,0;1;2
train,DR-2_12230.jpg,DR-2_12230.txt,1;2;3
train,DR-2_8709_Nddq2JZ.jpg,DR-2_8709_Nddq2JZ.txt,2;3
train,DR-2_2312.jpg,DR-2_2312.txt,0;1;2;3;5
train,DR-2_8337_WsQUcjy.jpg,DR-2_8337_WsQUcjy.txt,1;2;5
train,DR-2_10775_l8ShWhq.jpg,DR-2_10775_l8ShWhq.txt,0;1;2
train,DR-2_5325.jpg,DR-2_5325.txt,1;2;4
train,DR-2_1755.jpg,DR-2_1755.txt,1;2;4;5
train,DR-2_18447_EXIBl05.jpg,DR-2_18447_EXIBl05.txt,1;2;3
train,DR-2_3503.jpg,DR-2_3503.txt,0;1;2;3
train,DR-2_7553.jpg,DR-2_7553.txt,0;1;2
train,DR-2_3035_n0bMq91.jpg,DR-2_3035_n0bMq91.txt,1;2;4;5
train,DR-2_3204.jpg,DR-2_3204.txt,0;1;2
train,DR-2_9129.jpg,DR-2_9129.txt,0;3
train,DR-2_4720_nMK0Hzm.jpg,DR-2_4720_nMK0Hzm.txt,0;1;2;3;4
train,DR-2_1385_wLuf3pZ.jpg,DR-2_1385_wLuf3pZ.txt,0;1;2;5
train,DR-2_9856.jpg,DR-2_9856.txt,1;5
train,DR-2_3236.jpg,DR-2_3236.txt,1;4
train,DR-1_609.jpg,DR-1_609.txt,0;1;2;3;5
train,DR-1_720.jpg,DR-1_720.txt,0;1;2;3;4
train,DR-1_6200.jpg,DR-1_6200.txt,2
train,DR-2_12042.jpg,DR-2_12042.txt,0;2
train,DR-1_3926.jpg,DR-1_3926.txt,0;1;3;4;5
train,DR-2_16117_pSFue8C.jpg,DR-2_16117_pSFue8C.txt,1;2;3
train,DR-2_15164_tkSahvU.jpg,DR-2_15164_tkSahvU.txt,1;2;5
train,DR-2_10486_6QQFiSQ.jpg,DR-2_10486_6QQFiSQ.txt,0;1;2
train,DR-1_4355.jpg,DR-1_4355.txt,1;2;3
train,DR-1_960.jpg,DR-1_960.txt,0;1;2;5
train,DR-2_8786_II6qxQh.jpg,DR-2_8786_II6qxQh.txt,1;2;3
train,DR-2_4439.jpg,DR-2_4439.txt,0;1;3;5
train,DR-2_19422.jpg,DR-2_19422.txt,0;1;2;3;4
train,DR-2_16310_vrZ9ywB.jpg,DR-2_16310_vrZ9ywB.txt,0;1;2;3;5
train,DR-2_9665_tE2QydT.jpg,DR-2_9665_tE2QydT.txt,0;1;2;3;4
train,DR-2_4819.jpg,DR-2_4819.txt,0;1;2;3
train,DR-2_16106_R2O2oEj.jpg,DR-2_16106_R2O2oEj.txt,0;1;2;3
train,DR-2_6340_buBBzZk.jpg,DR-2_6340_buBBzZk.txt,0;1;2;3;4
train,DR-1_6408.jpg,DR-1_6408.txt,0;1;2;3
train,DR-2_386.jpg,DR-2_386.txt,2;3
train,DR-2_1781.jpg,DR-2_1781.txt,0;1;2;3;4
train,DR-2_887_Znmcsfc.jpg,DR-2_887_Znmcsfc.txt,1;2;3
train,DR-2_1422_kOQ1tly.jpg,DR-2_1422_kOQ1tly.txt,0;1;2;4;5
train,DR-2_16638.jpg,DR-2_16638.txt,0;1;2;3
train,DR-1_5242.jpg,DR-1_5242.txt,1;2;5
train,DR-2_390_NvUSlZR.jpg,DR-2_390_NvUSlZR.txt,0;3
train,DR-2_1035.jpg,DR-2_1035.txt,1;2;4;5
train,DR-2_19319.jpg,DR-2_19319.txt,0;1;2;3
train,DR-2_19171.jpg,DR-2_19171.txt,2
train,DR-2_12145_Uz2pSpS.jpg,DR-2_12145_Uz2pSpS.txt,0;2
train,DR-2_17541.jpg,DR-2_17541.txt,0;1;2;4
train,DR-2_16993_jNfLU0B.jpg,DR-2_16993_jNfLU0B.txt,0;1;2
train,DR-2_8236.jpg,DR-2_8236.txt,0;1;2;3;4
train,DR-1_4185.jpg,DR-1_4185.txt,0;1;2;5
train,DR-1_6336.jpg,DR-1_6336.txt,0;2
train,DR-2_12097_WsYXF1x.jpg,DR-2_12097_WsYXF1x.txt,0;1;2;3;4;5
train,DR-1_4096.jpg,DR-1_4096.txt,0;1;2;5
train,DR-1_5888.jpg,DR-1_5888.txt,1;2
train,DR-2_4201_UvlzNBn.jpg,DR-2_4201_UvlzNBn.txt,1;2;3;4;5
train,DR-2_3075.jpg,DR-2_3075.txt,0;1;2;3;5
train,DR-1_9929.jpg,DR-1_9929.txt,0;1;2;3
train,DR-2_7836_9xRnYkS.jpg,DR-2_7836_9xRnYkS.txt,0;1;2;4;5
train,DR-2_568.jpg,DR-2_568.txt,0;1;2;3;5
train,DR-1_1558.jpg,DR-1_1558.txt,0;1;2;4;5
train,DR-2_13837_wocAEDx.jpg,DR-2_13837_wocAEDx.txt,0;1;2;3;4;5
train,DR-2_6886_cBflGnJ.jpg,DR-2_6886_cBflGnJ.txt,0;2;3
train,DR-2_1407_9UFXbGb.jpg,DR-2_1407_9UFXbGb.txt,1;2
train,DR-2_166.jpg,DR-2_166.txt,1;2
train,DR-2_13191_0nBgDYw.jpg,DR-2_13191_0nBgDYw.txt,0;1;2;3
train,DR-2_11058_bysYdGs.jpg,DR-2_11058_bysYdGs.txt,1;2;3
train,DR-1_625.jpg,DR-1_625.txt,0;2;3
train,DR-2_16934.jpg,DR-2_16934.txt,1;2;3
train,DR-2_536.jpg,DR-2_536.txt,0;2
train,DR-2_89.jpg,DR-2_89.txt,2;3
train,DR-2_12168.jpg,DR-2_12168.txt,0;1;2;3
train,DR-2_3485.jpg,DR-2_3485.txt,0;1;2;3;5
train,DR-2_19119.jpg,DR-2_19119.txt,2;3
train,DR-2_11697_tE2DeMu.jpg,DR-2_11697_tE2DeMu.txt,0;1;2;3;5
train,DR-1_9422.jpg,DR-1_9422.txt,0;1;2;4
train,DR-1_1358.jpg,DR-1_1358.txt,0;2
train,DR-2_3854.jpg,DR-2_3854.txt,0;1;2;3
train,DR-2_781_iUZLSEK.jpg,DR-2_781_iUZLSEK.txt,0;2;3;4
train,DR-2_7412.jpg,DR-2_7412.txt,1;2
train,DR-1_6614.jpg,DR-1_6614.txt,0;1;2;4
train,DR-1_9124.jpg,DR-1_9124.txt,0;1;2;3
train,DR-2_6703_jKzxcSe.jpg,DR-2_6703_jKzxcSe.txt,1;2;3
train,DR-2_10271.jpg,DR-2_10271.txt,1;2;4;5
train,DR-2_2686.jpg,DR-2_2686.txt,1;2;3
train,DR-2_4648_7zIGKjm.jpg,DR-2_4648_7zIGKjm.txt,0;2
train,DR-2_1878_oKK5vx1.jpg,DR-2_1878_oKK5vx1.txt,1;2;3
train,DR-2_5490.jpg,DR-2_5490.txt,0;1;2;3;5
train,DR-1_6088.jpg,DR-1_6088.txt,1;2;5
train,DR-2_9746.jpg,DR-2_9746.txt,1;5
train,DR-2_14091.jpg,DR-2_14091.txt,1;2;3
train,DR-2_9803.jpg,DR-2_9803.txt,0;1;2;3
train,DR-2_18503.jpg,DR-2_18503.txt,0;1;2
train,DR-2_10473_O7nPcJx.jpg,DR-2_10473_O7nPcJx.txt,0;1;2;3
train,DR-2_17589.jpg,DR-2_17589.txt,0;1;2;3;4
train,DR-2_11907_1iXeW3p.jpg,DR-2_11907_1iXeW3p.txt,0;3
train,DR-2_17695.jpg,DR-2_17695.txt,1;2;4;5
train,DR-2_2896_kaKQdVI.jpg,DR-2_2896_kaKQdVI.txt,1;2;3
train,DR-2_17526.jpg,DR-2_17526.txt,0;1;2;3;4;5
train,DR-2_17730_H41vh25.jpg,DR-2_17730_H41vh25.txt,0;1;4;5
train,DR-2_8240_gXHLb0P.jpg,DR-2_8240_gXHLb0P.txt,0;1;2
train,DR-1_9969.jpg,DR-1_9969.txt,0;1;2;3
train,DR-2_7059_oBHNGbj.jpg,DR-2_7059_oBHNGbj.txt,1;4;5
train,DR-2_2526.jpg,DR-2_2526.txt,0;1;2
train,DR-2_15781.jpg,DR-2_15781.txt,0;1;2;3;4
train,DR-2_2535.jpg,DR-2_2535.txt,0;1;2
train,DR-2_13900_3l7qGPl.jpg,DR-2_13900_3l7qGPl.txt,0;2;3
train,DR-2_4383_yZ3Lhja.jpg,DR-2_4383_yZ3Lhja.txt,1;2
train,DR-2_5550.jpg,DR-2_5550.txt,0;1;2;4;5
train,DR-2_17757_4CsQ0NS.jpg,DR-2_17757_4CsQ0NS.txt,1;2;3
train,DR-2_17151.jpg,DR-2_17151.txt,2;3
train,DR-2_7298_1LKkW5X.jpg,DR-2_7298_1LKkW5X.txt,0;1;2;3;4
train,DR-2_6074.jpg,DR-2_6074.txt,1;2;3
train,DR-2_2904.jpg,DR-2_2904.txt,1;2;5
train,DR-2_6105.jpg,DR-2_6105.txt,0;1;2;3
train,DR-2_11727.jpg,DR-2_11727.txt,0;2;3
train,DR-2_18363_kOQkdPr.jpg,DR-2_18363_kOQkdPr.txt,1;2;4;5
train,DR-2_13374_U0Qw55N.jpg,DR-2_13374_U0Qw55N.txt,1;2;3
train,DR-2_19032_lN4jm92.jpg,DR-2_19032_lN4jm92.txt,1;4;5
train,DR-2_12403.jpg,DR-2_12403.txt,0;1;2;3;4
train,DR-1_2220.jpg,DR-1_2220.txt,1;2
train,DR-2_6207.jpg,DR-2_6207.txt,0;1;3;4;5
train,DR-1_6989.jpg,DR-1_6989.txt,1;2;5
train,DR-2_8625_uwjhEqM.jpg,DR-2_8625_uwjhEqM.txt,0;1;2;3
train,DR-2_3755_8Fq30Bc.jpg,DR-2_3755_8Fq30Bc.txt,1;5
train,DR-2_5091.jpg,DR-2_5091.txt,1;4
train,DR-2_19304_mbwIsLc.jpg,DR-2_19304_mbwIsLc.txt,0;2;3
train,DR-2_2103_qZ5R2ca.jpg,DR-2_2103_qZ5R2ca.txt,1;2;3
train,DR-2_10169_aZ3eg7U.jpg,DR-2_10169_aZ3eg7U.txt,1;2
train,DR-1_7172.jpg,DR-1_7172.txt,0;1;2
train,DR-2_9530.jpg,DR-2_9530.txt,1;2;3;5
train,DR-2_2823.jpg,DR-2_2823.txt,0;1;3;4
train,DR-2_16581_4NbXIUu.jpg,DR-2_16581_4NbXIUu.txt,0;3
train,DR-1_6826.jpg,DR-1_6826.txt,2
train,DR-2_3106_I5tRPME.jpg,DR-2_3106_I5tRPME.txt,0;1;3;4
train,DR-2_3573_HV1KyRT.jpg,DR-2_3573_HV1KyRT.txt,1;2
train,DR-1_6499.jpg,DR-1_6499.txt,5
train,DR-1_9602.jpg,DR-1_9602.txt,0;1;3
train,DR-1_5387.jpg,DR-1_5387.txt,0;1;2;3;5
train,DR-2_16882.jpg,DR-2_16882.txt,1;2;5
train,DR-2_32_7Sqzn5l.jpg,DR-2_32_7Sqzn5l.txt,1;2;4;5
train,DR-1_895.jpg,DR-1_895.txt,1;2;4;5
train,DR-2_15769.jpg,DR-2_15769.txt,1;2;5
train,DR-2_2622_y5iHw1y.jpg,DR-2_2622_y5iHw1y.txt,0;1;2;5
train,DR-2_10939_tk8PZsg.jpg,DR-2_10939_tk8PZsg.txt,1;2;5
train,DR-1_7561.jpg,DR-1_7561.txt,0;2;3;5
train,DR-2_6575_yQ5w5DS.jpg,DR-2_6575_yQ5w5DS.txt,0;1;2;5
train,DR-2_18418.jpg,DR-2_18418.txt,1;2;4;5
train,DR-1_4770.jpg,DR-1_4770.txt,0;1;3;4
train,DR-2_5079_xKGR7cd.jpg,DR-2_5079_xKGR7cd.txt,1;2;3
train,DR-1_8889.jpg,DR-1_8889.txt,0;1;3;4;5
train,DR-2_5669.jpg,DR-2_5669.txt,1;2;3
train,DR-2_389.jpg,DR-2_389.txt,0;1;2;3
train,DR-2_3445.jpg,DR-2_3445.txt,0;2
train,DR-1_171.jpg,DR-1_171.txt,0;2
train,DR-2_16600.jpg,DR-2_16600.txt,0;1;3;4
train,DR-2_13682.jpg,DR-2_13682.txt,1;2;3
train,DR-2_19548_Gj74pGS.jpg,DR-2_19548_Gj74pGS.txt,1;2;5
train,DR-1_4499.jpg,DR-1_4499.txt,0;1;2;3;5
train,DR-1_2547.jpg,DR-1_2547.txt,1;2
train,DR-1_3252.jpg,DR-1_3252.txt,1;2
train,DR-2_10290.jpg,DR-2_10290.txt,0;1;2;3
train,DR-2_13573_ja5PrNe.jpg,DR-2_13573_ja5PrNe.txt,0;1;2
train,DR-2_16402.jpg,DR-2_16402.txt,1;2;5
train,DR-2_3920_7e75cAP.jpg,DR-2_3920_7e75cAP.txt,1;2;3
train,DR-2_10440_2gJMQ2D.jpg,DR-2_10440_2gJMQ2D.txt,1;2
train,DR-2_18440.jpg,DR-2_18440.txt,0;1;2;3;4
train,DR-2_15439_PhPwFfr.jpg,DR-2_15439_PhPwFfr.txt,0;1;2;3;5
train,DR-2_4096_kG2XG0P.jpg,DR-2_4096_kG2XG0P.txt,0;1;2;3;5
train,DR-2_8813.jpg,DR-2_8813.txt,0;1;2
train,DR-2_13847.jpg,DR-2_13847.txt,1;2;4
train,DR-2_16360.jpg,DR-2_16360.txt,1;2
train,DR-2_3423_mA2LEfQ.jpg,DR-2_3423_mA2LEfQ.txt,1;2;3;4;5
train,DR-2_14398.jpg,DR-2_14398.txt,0;1;2
train,DR-1_8282.jpg,DR-1_8282.txt,0;1;2;4;5
train,DR-1_3569.jpg,DR-1_3569.txt,1;2;4;5
train,DR-2_12745.jpg,DR-2_12745.txt,1;2;5
train,DR-2_13598.jpg,DR-2_13598.txt,0;1;2;3
train,DR-1_9238.jpg,DR-1_9238.txt,0;3
train,DR-1_5288.jpg,DR-1_5288.txt,1;2;5
train,DR-2_18102.jpg,DR-2_18102.txt,0;1;2;4;5
train,DR-1_7203.jpg,DR-1_7203.txt,0;1;2;3;4
train,DR-2_5251.jpg,DR-2_5251.txt,1;2;3
train,DR-2_13720.jpg,DR-2_13720.txt,0;1;3;4
train,DR-2_16823_v6Zb5C2.jpg,DR-2_16823_v6Zb5C2.txt,0;1;2;3;4;5
train,DR-1_2310.jpg,DR-1_2310.txt,0;1;3;4;5
train,DR-2_17730.jpg,DR-2_17730.txt,0;1;2;3
train,DR-2_16533_65byPn8.jpg,DR-2_16533_65byPn8.txt,0;1;2
train,DR-2_6658_MiylQSQ.jpg,DR-2_6658_MiylQSQ.txt,1;2;4;5
train,DR-2_6288_U2TaY8L.jpg,DR-2_6288_U2TaY8L.txt,1;2;5
train,DR-2_7402.jpg,DR-2_7402.txt,0;1;2;3;5
train,DR-2_8077_FNgRfH2.jpg,DR-2_8077_FNgRfH2.txt,0;1;3;4;5
train,DR-2_14672.jpg,DR-2_14672.txt,0;3
train,DR-2_8887_hXu0Hr7.jpg,DR-2_8887_hXu0Hr7.txt,0;1;2
train,DR-2_3962.jpg,DR-2_3962.txt,0;1;2;3
train,DR-2_13570.jpg,DR-2_13570.txt,1;2;5
train,DR-2_8997.jpg,DR-2_8997.txt,1;2;3
train,DR-2_19107.jpg,DR-2_19107.txt,0;1;3
train,DR-2_77_84ylnPc.jpg,DR-2_77_84ylnPc.txt,0;1;2;3;4
train,DR-1_4305.jpg,DR-1_4305.txt,0;1;2;3
train,DR-2_16450.jpg,DR-2_16450.txt,1;2;4
train,DR-2_5789_OkEzPta.jpg,DR-2_5789_OkEzPta.txt,0;1;2;3;5
train,DR-1_5960.jpg,DR-1_5960.txt,0;1;2;3;5
train,DR-2_5413.jpg,DR-2_5413.txt,0;2
train,DR-2_14879_1J71F32.jpg,DR-2_14879_1J71F32.txt,0;1;2;3
train,DR-2_16740.jpg,DR-2_16740.txt,1;2;3;4;5
train,DR-2_14002_OgIZEyZ.jpg,DR-2_14002_OgIZEyZ.txt,0;1;2;3;5
train,DR-1_6835.jpg,DR-1_6835.txt,1;2;3
train,DR-2_8013_0BVLmAL.jpg,DR-2_8013_0BVLmAL.txt,0;1;2;3;5
train,DR-2_1396_av0e4Mh.jpg,DR-2_1396_av0e4Mh.txt,0;1;2;3;5
train,DR-2_9298.jpg,DR-2_9298.txt,0;1;2;3
train,DR-2_2355_6dWiLa7.jpg,DR-2_2355_6dWiLa7.txt,1;2;3
train,DR-2_17012_4p224Qm.jpg,DR-2_17012_4p224Qm.txt,1;2;5
train,DR-1_1120.jpg,DR-1_1120.txt,1;2;4;5
train,DR-1_6492.jpg,DR-1_6492.txt,0;1;4;5
train,DR-1_3340.jpg,DR-1_3340.txt,1;4;5
train,DR-2_7108_U2TCYeD.jpg,DR-2_7108_U2TCYeD.txt,1;2;5
train,DR-2_17864_gUJTYys.jpg,DR-2_17864_gUJTYys.txt,2;3
train,DR-2_209.jpg,DR-2_209.txt,0;1;2;3
train,DR-2_14866_zkO8ATe.jpg,DR-2_14866_zkO8ATe.txt,2
train,DR-2_6907.jpg,DR-2_6907.txt,0;1;2;3;4;5
train,DR-2_15453.jpg,DR-2_15453.txt,0;1;2;3;4;5
train,DR-2_3210_lytJFwM.jpg,DR-2_3210_lytJFwM.txt,0;2;3
train,DR-2_14308.jpg,DR-2_14308.txt,0;1;2;3;5
train,DR-2_10558_quPCf7F.jpg,DR-2_10558_quPCf7F.txt,1;2;5
train,DR-2_7340.jpg,DR-2_7340.txt,0;1;2;4;5
train,DR-1_9334.jpg,DR-1_9334.txt,0;1;2;3
train,DR-1_8839.jpg,DR-1_8839.txt,1;2;3
train,DR-2_9870_8wCHpR8.jpg,DR-2_9870_8wCHpR8.txt,2;3
train,DR-2_1390.jpg,DR-2_1390.txt,0;1;2;3;5
train,DR-2_9130.jpg,DR-2_9130.txt,1;2;3
train,DR-2_1107.jpg,DR-2_1107.txt,1;2;3;5
train,DR-2_8378_2YFonvN.jpg,DR-2_8378_2YFonvN.txt,1;2;4;5
train,DR-2_3105.jpg,DR-2_3105.txt,0;1;2;3;4;5
train,DR-1_1546.jpg,DR-1_1546.txt,1;2;3
train,DR-2_15800.jpg,DR-2_15800.txt,0;1;2;3;4
train,DR-2_11803_BKlit0C.jpg,DR-2_11803_BKlit0C.txt,0;1;2;3
train,DR-2_14301.jpg,DR-2_14301.txt,1;2;4;5
train,DR-2_17081.jpg,DR-2_17081.txt,0;1;2;3;5
train,DR-2_10110.jpg,DR-2_10110.txt,0;1;2;4;5
train,DR-1_2441.jpg,DR-1_2441.txt,1;2
train,DR-1_5908.jpg,DR-1_5908.txt,1;2;5
train,DR-1_1360.jpg,DR-1_1360.txt,0;2
train,DR-2_13118_bavZRjW.jpg,DR-2_13118_bavZRjW.txt,1;2;3;4;5
train,DR-2_18635.jpg,DR-2_18635.txt,2;3
train,DR-2_13270.jpg,DR-2_13270.txt,0;1;2;3
train,DR-2_1054.jpg,DR-2_1054.txt,1;2;4;5
train,DR-2_17521_yslc2fk.jpg,DR-2_17521_yslc2fk.txt,0;1;2;3;4;5
train,DR-2_16184.jpg,DR-2_16184.txt,1;2;3
train,DR-2_8230_xMcnQdL.jpg,DR-2_8230_xMcnQdL.txt,2;3
train,DR-2_408.jpg,DR-2_408.txt,0;1;2;3;5
train,DR-2_26.jpg,DR-2_26.txt,0;1;2;3;4;5
train,DR-2_5367.jpg,DR-2_5367.txt,0;1;2;3;4
train,DR-2_5589_KPeMci2.jpg,DR-2_5589_KPeMci2.txt,0;1;4
train,DR-2_12063.jpg,DR-2_12063.txt,0;1;2
train,DR-2_13783_NLBh0Q8.jpg,DR-2_13783_NLBh0Q8.txt,1;2;3;5
train,DR-2_11191_0lncfLU.jpg,DR-2_11191_0lncfLU.txt,1;2;3;5
train,DR-1_9860.jpg,DR-1_9860.txt,0;1;2;3
train,DR-2_12589_GekiLlf.jpg,DR-2_12589_GekiLlf.txt,0;1;2;3;4;5
train,DR-2_18582_B5jydoE.jpg,DR-2_18582_B5jydoE.txt,0;1;2;3;4;5
train,DR-2_3089_Vl4eAz5.jpg,DR-2_3089_Vl4eAz5.txt,1;2;3
train,DR-2_5914_4ErSoru.jpg,DR-2_5914_4ErSoru.txt,0;1;2;3;4;5
train,DR-2_7596.jpg,DR-2_7596.txt,0;1;5
train,DR-1_783.jpg,DR-1_783.txt,0;1;2
train,DR-2_14524.jpg,DR-2_14524.txt,0;1;2;3;5
train,DR-2_9240_Y4BBrYs.jpg,DR-2_9240_Y4BBrYs.txt,0;1;2;3;4;5
train,DR-2_8461.jpg,DR-2_8461.txt,1;2;3
train,DR-2_7355.jpg,DR-2_7355.txt,1;2;3;4
train,DR-2_19541_XiSjs6M.jpg,DR-2_19541_XiSjs6M.txt,1;2;4;5
train,DR-2_6375_rSV4adG.jpg,DR-2_6375_rSV4adG.txt,0;1;2;3;4;5
train,DR-2_19521_CJO0VLn.jpg,DR-2_19521_CJO0VLn.txt,1;2;4;5
train,DR-1_3364.jpg,DR-1_3364.txt,0;2;3
train,DR-2_1393_Qlensmo.jpg,DR-2_1393_Qlensmo.txt,0;1;2;3
train,DR-2_19301.jpg,DR-2_19301.txt,1;2;4
train,DR-1_9402.jpg,DR-1_9402.txt,1;2;5
train,DR-2_12510.jpg,DR-2_12510.txt,0;1;2;3;4;5
train,DR-2_5676.jpg,DR-2_5676.txt,1;2
train,DR-2_6905.jpg,DR-2_6905.txt,1;2;3
train,DR-2_4247_CecnTIx.jpg,DR-2_4247_CecnTIx.txt,1;2;4;5
train,DR-2_4854_NHivlla.jpg,DR-2_4854_NHivlla.txt,0;2;3
train,DR-2_4395.jpg,DR-2_4395.txt,0;1;2;3
train,DR-2_8529_C9Fk4NC.jpg,DR-2_8529_C9Fk4NC.txt,0;2
train,DR-2_15898.jpg,DR-2_15898.txt,0;1;2;3;4;5
train,DR-1_8787.jpg,DR-1_8787.txt,1;2;4
train,DR-2_12636_p1KWeS0.jpg,DR-2_12636_p1KWeS0.txt,1;2;3
train,DR-2_4932_tt2gd3S.jpg,DR-2_4932_tt2gd3S.txt,1;2;3
train,DR-2_1507.jpg,DR-2_1507.txt,0;1;2;3
train,DR-2_11795_oV8apwQ.jpg,DR-2_11795_oV8apwQ.txt,0;1;3;4;5
train,DR-2_5005_p8Sxvn0.jpg,DR-2_5005_p8Sxvn0.txt,0;1;2;3;4;5
train,DR-2_18585_NQ9l65w.jpg,DR-2_18585_NQ9l65w.txt,0;1;2;3;4;5
train,DR-2_1789.jpg,DR-2_1789.txt,0;1;2;3;4
train,DR-2_5410.jpg,DR-2_5410.txt,1;2;3
train,DR-2_11340.jpg,DR-2_11340.txt,0;1;2;3;4;5
train,DR-2_6456_oPnUbU7.jpg,DR-2_6456_oPnUbU7.txt,1;2
train,DR-2_11199.jpg,DR-2_11199.txt,0;1;2;3;5
train,DR-2_3529.jpg,DR-2_3529.txt,0;1;2
train,DR-2_2416_cS77dBs.jpg,DR-2_2416_cS77dBs.txt,1;2;5
train,DR-2_3832.jpg,DR-2_3832.txt,1
train,DR-2_17956_9K0jJ88.jpg,DR-2_17956_9K0jJ88.txt,1;2;3
train,DR-2_13611.jpg,DR-2_13611.txt,0;1;2;3
train,DR-1_2615.jpg,DR-1_2615.txt,0;1;2
train,DR-1_8665.jpg,DR-1_8665.txt,0;1;2;3;4
train,DR-2_15814_mEg9C6A.jpg,DR-2_15814_mEg9C6A.txt,1;2;4;5
train,DR-2_13218_Ip7ZMiJ.jpg,DR-2_13218_Ip7ZMiJ.txt,1;2;4;5
train,DR-2_6255_pJ6WiFV.jpg,DR-2_6255_pJ6WiFV.txt,0;2
train,DR-2_8894.jpg,DR-2_8894.txt,1;2;4;5
train,DR-2_14079_GdbCtry.jpg,DR-2_14079_GdbCtry.txt,1;2;5
train,DR-2_10981.jpg,DR-2_10981.txt,1;2;3
train,DR-1_5048.jpg,DR-1_5048.txt,0;1;2;3
train,DR-1_8128.jpg,DR-1_8128.txt,0;1;2;3;4;5
train,DR-2_8586_L8OJtln.jpg,DR-2_8586_L8OJtln.txt,0;1;2;3
train,DR-2_16563.jpg,DR-2_16563.txt,0;1;2;3;4;5
train,DR-2_18916.jpg,DR-2_18916.txt,0;1;2;3;5
train,DR-2_8022.jpg,DR-2_8022.txt,1;2;5
train,DR-2_5665_jqsddFQ.jpg,DR-2_5665_jqsddFQ.txt,0;1;2;3;5
train,DR-2_5822_i2MsqTH.jpg,DR-2_5822_i2MsqTH.txt,1
train,DR-2_5203.jpg,DR-2_5203.txt,0;1;2;3;4
train,DR-2_17662_pVq5NUJ.jpg,DR-2_17662_pVq5NUJ.txt,1;2;5
train,DR-2_504.jpg,DR-2_504.txt,0;1;2;3;4
train,DR-2_2240.jpg,DR-2_2240.txt,1;2;4;5
train,DR-1_1340.jpg,DR-1_1340.txt,1;3;4;5
train,DR-2_1009.jpg,DR-2_1009.txt,2
train,DR-2_4482.jpg,DR-2_4482.txt,1;2;3
train,DR-2_14654.jpg,DR-2_14654.txt,0;1;2;3;4
train,DR-2_13824_YZuyFej.jpg,DR-2_13824_YZuyFej.txt,0;1;2;3;4;5
train,DR-1_8393.jpg,DR-1_8393.txt,0;1;2;3;5
train,DR-2_4776_XREftGe.jpg,DR-2_4776_XREftGe.txt,1;2;4;5
train,DR-2_11693_GS6hCnU.jpg,DR-2_11693_GS6hCnU.txt,0;1;2;3
train,DR-1_5253.jpg,DR-1_5253.txt,0;1;2;3;5
train,DR-2_1773.jpg,DR-2_1773.txt,0;1;2;3
train,DR-1_2432.jpg,DR-1_2432.txt,1;2;3
train,DR-1_6079.jpg,DR-1_6079.txt,0;1;2
train,DR-2_13872_M3rcBmZ.jpg,DR-2_13872_M3rcBmZ.txt,0;1;2;3;4
train,DR-1_5619.jpg,DR-1_5619.txt,0;1;2;3;5
train,DR-2_3523_ksF9GzZ.jpg,DR-2_3523_ksF9GzZ.txt,0;1;2;3;4
train,DR-2_15721_9qW8up5.jpg,DR-2_15721_9qW8up5.txt,0;1;2
train,DR-2_16179_JAiA0rj.jpg,DR-2_16179_JAiA0rj.txt,0;1;2;3;5
train,DR-2_16550.jpg,DR-2_16550.txt,0;1;2;3;4;5
train,DR-2_11485_PWCYF5X.jpg,DR-2_11485_PWCYF5X.txt,0;1;2;3
train,DR-1_4941.jpg,DR-1_4941.txt,0;1;2;3;4;5
train,DR-2_18914_7zqpX89.jpg,DR-2_18914_7zqpX89.txt,0;1;2
train,DR-2_11961.jpg,DR-2_11961.txt,2;3
train,DR-2_5932_jeOMPUL.jpg,DR-2_5932_jeOMPUL.txt,1;2;3
train,DR-2_19140.jpg,DR-2_19140.txt,1;2;3
train,DR-2_11866_N4mF1aO.jpg,DR-2_11866_N4mF1aO.txt,1;2;5
train,DR-2_7105_VbxXX7F.jpg,DR-2_7105_VbxXX7F.txt,0;1;2;3;4;5
train,DR-1_8019.jpg,DR-1_8019.txt,0;1;2;3;4
train,DR-1_3173.jpg,DR-1_3173.txt,1;2;3
train,DR-2_4372_L1WJXPy.jpg,DR-2_4372_L1WJXPy.txt,1;2;3
train,DR-2_13583.jpg,DR-2_13583.txt,1;2;3
train,DR-2_17127.jpg,DR-2_17127.txt,1;2
train,DR-1_1417.jpg,DR-1_1417.txt,2;3
train,DR-2_7236.jpg,DR-2_7236.txt,0;1;2;3;4;5
train,DR-2_312_pEUMUz2.jpg,DR-2_312_pEUMUz2.txt,0;1;2;5
train,DR-2_3838.jpg,DR-2_3838.txt,1;2;3
train,DR-2_19844.jpg,DR-2_19844.txt,0;1;2;3
train,DR-2_931.jpg,DR-2_931.txt,0;2;3
train,DR-2_12518_xYqkp0z.jpg,DR-2_12518_xYqkp0z.txt,0;1;2;3;5
train,DR-2_3235_M0EtfdH.jpg,DR-2_3235_M0EtfdH.txt,0;1;2;3;5
train,DR-2_6113_2rwPBP7.jpg,DR-2_6113_2rwPBP7.txt,1;2
train,DR-2_13033.jpg,DR-2_13033.txt,0;2
train,DR-2_5117_aycbrgs.jpg,DR-2_5117_aycbrgs.txt,0;1;2;3
train,DR-2_2578.jpg,DR-2_2578.txt,0;1;2;3;4;5
train,DR-2_6862_90UJirK.jpg,DR-2_6862_90UJirK.txt,2;3
train,DR-2_10278.jpg,DR-2_10278.txt,0;1;3
train,DR-1_7227.jpg,DR-1_7227.txt,1;2;5
train,DR-2_11684.jpg,DR-2_11684.txt,1;5
train,DR-2_17781.jpg,DR-2_17781.txt,0;1;2;3;4
train,DR-1_217.jpg,DR-1_217.txt,1;2
train,DR-2_11128_5zK4uXO.jpg,DR-2_11128_5zK4uXO.txt,1;2;4
train,DR-1_7250.jpg,DR-1_7250.txt,1;2;3
train,DR-2_1709.jpg,DR-2_1709.txt,1;2;3
train,DR-2_12730.jpg,DR-2_12730.txt,0;1;3;4
train,DR-2_7653.jpg,DR-2_7653.txt,0;1;2;3;5
train,DR-2_17419_r9AvcHQ.jpg,DR-2_17419_r9AvcHQ.txt,0;1;2;3;4
train,DR-2_8556_xWdP0uH.jpg,DR-2_8556_xWdP0uH.txt,1;2;3
train,DR-2_1128.jpg,DR-2_1128.txt,0;1;2;4;5
train,DR-2_10516.jpg,DR-2_10516.txt,1;2;5
train,DR-2_6489_yCo8NQ9.jpg,DR-2_6489_yCo8NQ9.txt,1;2;5
train,DR-2_13487_tpzISy0.jpg,DR-2_13487_tpzISy0.txt,0;1;2;4;5
train,DR-2_1772_RmV13gU.jpg,DR-2_1772_RmV13gU.txt,1;2;3
train,DR-2_9220_hwmoBsu.jpg,DR-2_9220_hwmoBsu.txt,1;2;3
train,DR-1_9698.jpg,DR-1_9698.txt,0;1;2;3;5
train,DR-2_18359_wBKareN.jpg,DR-2_18359_wBKareN.txt,0;1;2
train,DR-2_2197.jpg,DR-2_2197.txt,1;2;3
train,DR-1_7777.jpg,DR-1_7777.txt,1;2;3
train,DR-2_1047_PxGhhPm.jpg,DR-2_1047_PxGhhPm.txt,1;2;5
train,DR-2_18535_JtmT9JU.jpg,DR-2_18535_JtmT9JU.txt,0;1;2;3
train,DR-1_8287.jpg,DR-1_8287.txt,0;1;2;3
train,DR-1_5702.jpg,DR-1_5702.txt,1;2;3;4
train,DR-2_666.jpg,DR-2_666.txt,1;2;3
train,DR-2_5636_bw9OW6B.jpg,DR-2_5636_bw9OW6B.txt,0;1;2;3
train,DR-2_15423_eragcFV.jpg,DR-2_15423_eragcFV.txt,1;2;5
train,DR-1_3577.jpg,DR-1_3577.txt,0;1;2;3
train,DR-2_18321.jpg,DR-2_18321.txt,1;2;5
train,DR-2_9143.jpg,DR-2_9143.txt,0;1;2;3;4
train,DR-2_6374.jpg,DR-2_6374.txt,0;1;2;3
train,DR-1_1422.jpg,DR-1_1422.txt,0;1;2;4;5
train,DR-2_9344.jpg,DR-2_9344.txt,1;2;3;4
train,DR-2_16562_R8iB94D.jpg,DR-2_16562_R8iB94D.txt,0;1;2;3
train,DR-2_14151.jpg,DR-2_14151.txt,0;1;2;3
train,DR-2_6631_c1gulE9.jpg,DR-2_6631_c1gulE9.txt,0;1;2;4;5
train,DR-2_7962.jpg,DR-2_7962.txt,0;1;2;5
train,DR-2_14868.jpg,DR-2_14868.txt,0;1;2;3
train,DR-2_14256.jpg,DR-2_14256.txt,1;2;3
train,DR-2_14571.jpg,DR-2_14571.txt,1;2;3
train,DR-2_8836_iJH5ZOX.jpg,DR-2_8836_iJH5ZOX.txt,0;1;2;3;4;5
train,DR-2_10617.jpg,DR-2_10617.txt,0;1;2;3
train,DR-2_5244_vEkB04m.jpg,DR-2_5244_vEkB04m.txt,0;1;2;3;5
train,DR-2_13115_AmcI48V.jpg,DR-2_13115_AmcI48V.txt,0;1;2;3
train,DR-1_9143.jpg,DR-1_9143.txt,1;2;4
train,DR-2_15455.jpg,DR-2_15455.txt,1;2;3
train,DR-2_6040.jpg,DR-2_6040.txt,1;2;3
train,DR-2_10341_9VYxWnp.jpg,DR-2_10341_9VYxWnp.txt,1;2;5
train,DR-2_19123.jpg,DR-2_19123.txt,0;1;2;3;5
train,DR-2_14172.jpg,DR-2_14172.txt,1;2
train,DR-2_16223.jpg,DR-2_16223.txt,1;2;5
train,DR-2_12474.jpg,DR-2_12474.txt,0;1;2
train,DR-2_15113_s9E994U.jpg,DR-2_15113_s9E994U.txt,0;1;2;3;4;5
train,DR-1_5657.jpg,DR-1_5657.txt,0;1;2;5
train,DR-2_18026.jpg,DR-2_18026.txt,0;1;2;3;4
train,DR-2_7218_JhZPmbb.jpg,DR-2_7218_JhZPmbb.txt,0;1;2;3;4;5
train,DR-2_18294.jpg,DR-2_18294.txt,1;2;3
train,DR-2_936.jpg,DR-2_936.txt,1;2;3;4;5
train,DR-2_9898_TXSQmlT.jpg,DR-2_9898_TXSQmlT.txt,1;2;4
train,DR-2_858.jpg,DR-2_858.txt,0;2
train,DR-2_17153_GYfmyDO.jpg,DR-2_17153_GYfmyDO.txt,0;2
train,DR-2_17685_4NHZgft.jpg,DR-2_17685_4NHZgft.txt,0;1;3;5
train,DR-2_18286_4LLIscU.jpg,DR-2_18286_4LLIscU.txt,0;1;2;3
train,DR-2_13941_i9bQmSI.jpg,DR-2_13941_i9bQmSI.txt,0;1;2;3;4;5
train,DR-2_10483_Hvy7R8L.jpg,DR-2_10483_Hvy7R8L.txt,1;2;4;5
train,DR-2_2741.jpg,DR-2_2741.txt,1;2;3;5
train,DR-2_17914_vCJQxCA.jpg,DR-2_17914_vCJQxCA.txt,0;1;2
train,DR-2_17883_w2vmkKX.jpg,DR-2_17883_w2vmkKX.txt,0;1;2;5
train,DR-2_3251_Uc8RU6j.jpg,DR-2_3251_Uc8RU6j.txt,2
train,DR-2_15446.jpg,DR-2_15446.txt,0;1;2;5
train,DR-2_5904_xhP6sQU.jpg,DR-2_5904_xhP6sQU.txt,1;2;5
train,DR-2_11701.jpg,DR-2_11701.txt,0;1;2;3
train,DR-2_314.jpg,DR-2_314.txt,1;2;3
train,DR-2_2466_8t0jwAq.jpg,DR-2_2466_8t0jwAq.txt,0;1;2
train,DR-1_785.jpg,DR-1_785.txt,1;2;4
train,DR-1_2882.jpg,DR-1_2882.txt,0;1;2;3;4;5
train,DR-2_14448.jpg,DR-2_14448.txt,1;2;4
train,DR-2_6853_vBSnJUs.jpg,DR-2_6853_vBSnJUs.txt,1;2
train,DR-2_16801_hx0ARRK.jpg,DR-2_16801_hx0ARRK.txt,2
train,DR-2_4520.jpg,DR-2_4520.txt,1;2
train,DR-2_5960.jpg,DR-2_5960.txt,0;1;2;3
train,DR-2_6468.jpg,DR-2_6468.txt,1;2;3
train,DR-2_6389_zbIUOaq.jpg,DR-2_6389_zbIUOaq.txt,0;1;2;3;5
train,DR-2_7420_IgVEhUS.jpg,DR-2_7420_IgVEhUS.txt,0;2
train,DR-2_10118_lSg6xXf.jpg,DR-2_10118_lSg6xXf.txt,0;1;2;3
train,DR-2_18050.jpg,DR-2_18050.txt,1;2;4;5
train,DR-1_8584.jpg,DR-1_8584.txt,0;1;2;3;4;5
train,DR-2_16537_uiOjXIm.jpg,DR-2_16537_uiOjXIm.txt,2
train,DR-2_8768_l2PzOV6.jpg,DR-2_8768_l2PzOV6.txt,0;1;2;3
train,DR-2_9492.jpg,DR-2_9492.txt,0;1;2;3;4;5
train,DR-1_1714.jpg,DR-1_1714.txt,0;1;2;3;4
train,DR-2_11959_SD2ABMY.jpg,DR-2_11959_SD2ABMY.txt,0;1;2;3
train,DR-2_7422_5W7sGz6.jpg,DR-2_7422_5W7sGz6.txt,0;1;2;3;4;5
train,DR-2_18610.jpg,DR-2_18610.txt,0;1;2
train,DR-2_1786_GEDX0DG.jpg,DR-2_1786_GEDX0DG.txt,2
train,DR-1_9839.jpg,DR-1_9839.txt,1;2;3
train,DR-2_5480_uyhmLD8.jpg,DR-2_5480_uyhmLD8.txt,1;2;3;4;5
train,DR-2_19926.jpg,DR-2_19926.txt,1;2;4;5
train,DR-2_16487.jpg,DR-2_16487.txt,0;2;3;4;5
train,DR-1_8236.jpg,DR-1_8236.txt,0;1;2;3;4
train,DR-2_11329.jpg,DR-2_11329.txt,1;2;5
train,DR-2_12052_36duJUD.jpg,DR-2_12052_36duJUD.txt,0;2;3
train,DR-2_14678.jpg,DR-2_14678.txt,1;2
train,DR-2_8550.jpg,DR-2_8550.txt,1;4;5
train,DR-2_7485.jpg,DR-2_7485.txt,0;1;2;3
train,DR-2_3898.jpg,DR-2_3898.txt,0;1;2;4;5
train,DR-2_4593.jpg,DR-2_4593.txt,0;1;2;4;5
train,DR-2_4880_J6jcA6z.jpg,DR-2_4880_J6jcA6z.txt,1;2;3;5
train,DR-2_1022_wBq9qxQ.jpg,DR-2_1022_wBq9qxQ.txt,1;2;3
train,DR-2_1225_wO7L3NL.jpg,DR-2_1225_wO7L3NL.txt,2
train,DR-2_1181.jpg,DR-2_1181.txt,0;1;2;3
train,DR-2_15013_aVCjG4y.jpg,DR-2_15013_aVCjG4y.txt,0;2;3
train,DR-1_5344.jpg,DR-1_5344.txt,1
train,DR-2_14206.jpg,DR-2_14206.txt,0;1;2
train,DR-1_3983.jpg,DR-1_3983.txt,0;2;3
train,DR-2_15292_HyVDlvR.jpg,DR-2_15292_HyVDlvR.txt,1;2
train,DR-2_12059.jpg,DR-2_12059.txt,0;1;2;3;4;5
train,DR-2_6197.jpg,DR-2_6197.txt,0;1;2;5
train,DR-2_13491_3ZhXFXy.jpg,DR-2_13491_3ZhXFXy.txt,0;1;2
train,DR-2_19238_x381ODW.jpg,DR-2_19238_x381ODW.txt,3
train,DR-2_7336_HlhlhON.jpg,DR-2_7336_HlhlhON.txt,0;2
train,DR-2_5203_dRtpLyk.jpg,DR-2_5203_dRtpLyk.txt,0;1;3;4;5
train,DR-2_12375_r0cQvQp.jpg,DR-2_12375_r0cQvQp.txt,0;2;3;4
train,DR-2_11957_MNZMS3d.jpg,DR-2_11957_MNZMS3d.txt,1;2
val,DR-2_6220.jpg,DR-2_6220.txt,0;1;2;3;4;5
val,DR-2_10258_mm3UZv9.jpg,DR-2_10258_mm3UZv9.txt,0;1;2
val,DR-2_5943.jpg,DR-2_5943.txt,0;1;2
val,DR-1_9470.jpg,DR-1_9470.txt,1;2;5
val,DR-2_898_SzOEaxs.jpg,DR-2_898_SzOEaxs.txt,1;2;4;5
val,DR-2_12512.jpg,DR-2_12512.txt,1;2;3
val,DR-2_891_vfEn0Hz.jpg,DR-2_891_vfEn0Hz.txt,1;2;3
val,DR-2_964_kNiJ8ht.jpg,DR-2_964_kNiJ8ht.txt,0;1;2;3
val,DR-2_12218.jpg,DR-2_12218.txt,0;1;2;4
val,DR-2_12589.jpg,DR-2_12589.txt,0;1;2;3;4;5
val,DR-2_13563_QPuk2E1.jpg,DR-2_13563_QPuk2E1.txt,1;2
val,DR-1_1263.jpg,DR-1_1263.txt,1;2;4;5
val,DR-1_5566.jpg,DR-1_5566.txt,0;2
val,DR-2_3608.jpg,DR-2_3608.txt,1;2;3
val,DR-1_5865.jpg,DR-1_5865.txt,0;1;2;4;5
val,DR-2_4387_Kqu8xYv.jpg,DR-2_4387_Kqu8xYv.txt,1;2
val,DR-1_1954.jpg,DR-1_1954.txt,0;1;2;3
val,DR-1_1688.jpg,DR-1_1688.txt,1;2
val,DR-2_6781.jpg,DR-2_6781.txt,0;3
val,DR-2_19276_E3AVN0P.jpg,DR-2_19276_E3AVN0P.txt,0;1;2;5
val,DR-2_2711_EwL5knF.jpg,DR-2_2711_EwL5knF.txt,1;2;4;5
val,DR-1_936.jpg,DR-1_936.txt,2;3
val,DR-2_10063_NCuCePO.jpg,DR-2_10063_NCuCePO.txt,1;2
val,DR-1_1366.jpg,DR-1_1366.txt,0;1;2;3
val,DR-2_14290.jpg,DR-2_14290.txt,0;1;2;3
val,DR-2_3185_9rLBDLx.jpg,DR-2_3185_9rLBDLx.txt,0;1;2;3;5
val,DR-2_18043.jpg,DR-2_18043.txt,0;2;3
val,DR-2_4048.jpg,DR-2_4048.txt,1;2;4;5
val,DR-2_2471_GsjUnM3.jpg,DR-2_2471_GsjUnM3.txt,0;1;2;3
val,DR-2_13557.jpg,DR-2_13557.txt,0;1;2;3
val,DR-1_8369.jpg,DR-1_8369.txt,1;2;4;5
val,DR-1_8119.jpg,DR-1_8119.txt,0;2
val,DR-2_15110_hv8SwIv.jpg,DR-2_15110_hv8SwIv.txt,0;1;2;3;4;5
val,DR-2_1005.jpg,DR-2_1005.txt,1;2
val,DR-2_18365_LxNcSpT.jpg,DR-2_18365_LxNcSpT.txt,2
val,DR-2_4273.jpg,DR-2_4273.txt,1;2;3
val,DR-2_2418.jpg,DR-2_2418.txt,1;2;4;5
val,DR-1_7665.jpg,DR-1_7665.txt,0;1;2;3;4
val,DR-2_16972_SNok2TB.jpg,DR-2_16972_SNok2TB.txt,0;2;3
val,DR-1_154.jpg,DR-1_154.txt,1;2
val,DR-2_2860_2hUeerU.jpg,DR-2_2860_2hUeerU.txt,1;2
val,DR-2_12686_isvP254.jpg,DR-2_12686_isvP254.txt,1;2;3
val,DR-2_17875.jpg,DR-2_17875.txt,1;2;3
val,DR-2_18787_e77rH55.jpg,DR-2_18787_e77rH55.txt,1;2
val,DR-2_16806_tjY4zkR.jpg,DR-2_16806_tjY4zkR.txt,1;3
val,DR-1_7384.jpg,DR-1_7384.txt,2;3
val,DR-2_12749_1eLVeJC.jpg,DR-2_12749_1eLVeJC.txt,0;2
val,DR-2_15277.jpg,DR-2_15277.txt,1;2;4;5
val,DR-2_10251.jpg,DR-2_10251.txt,1;2;3
val,DR-2_16926_jEo2aJp.jpg,DR-2_16926_jEo2aJp.txt,1;2;4;5
val,DR-2_8520_Dh2MJMc.jpg,DR-2_8520_Dh2MJMc.txt,0;1;2;3
val,DR-2_4501_ojGTBSH.jpg,DR-2_4501_ojGTBSH.txt,1;2;3
val,DR-1_1262.jpg,DR-1_1262.txt,1;2;3;4;5
val,DR-1_2284.jpg,DR-1_2284.txt,1;2;3
val,DR-2_18606.jpg,DR-2_18606.txt,0;1;2;3;4
val,DR-2_17071.jpg,DR-2_17071.txt,0;3
val,DR-2_14378_4KJltL0.jpg,DR-2_14378_4KJltL0.txt,1;2;4;5
val,DR-1_3533.jpg,DR-1_3533.txt,0;2
val,DR-2_13141_T72q7E1.jpg,DR-2_13141_T72q7E1.txt,0;1;2;5
val,DR-1_490.jpg,DR-1_490.txt,1;5
val,DR-2_6139.jpg,DR-2_6139.txt,0;1;2
val,DR-2_12319_MFPuULH.jpg,DR-2_12319_MFPuULH.txt,0;1;2;3
val,DR-2_2346_igeTPfJ.jpg,DR-2_2346_igeTPfJ.txt,1;2;3;4
val,DR-2_15351_3d5z8Z5.jpg,DR-2_15351_3d5z8Z5.txt,2;3
val,DR-1_602.jpg,DR-1_602.txt,0;1;2;3;5
val,DR-1_9846.jpg,DR-1_9846.txt,0;1;2;4;5
val,DR-2_7825_ES9qXnG.jpg,DR-2_7825_ES9qXnG.txt,0;1;2;5
val,DR-2_3671.jpg,DR-2_3671.txt,1;2;3
val,DR-2_17832_aDE8lHL.jpg,DR-2_17832_aDE8lHL.txt,1;2;3
val,DR-2_14387_ubwyE1m.jpg,DR-2_14387_ubwyE1m.txt,1;3;5
val,DR-2_1282_UU1q4IF.jpg,DR-2_1282_UU1q4IF.txt,0;1;2;3;4;5
val,DR-1_8149.jpg,DR-1_8149.txt,1;2
val,DR-2_3454_bb0FgeE.jpg,DR-2_3454_bb0FgeE.txt,0;2
val,DR-2_1484_PO3If5u.jpg,DR-2_1484_PO3If5u.txt,0;1;2
val,DR-2_3741_DtpTYsP.jpg,DR-2_3741_DtpTYsP.txt,0;2
val,DR-2_3110.jpg,DR-2_3110.txt,0;1;2;3;4
val,DR-2_1473.jpg,DR-2_1473.txt,0;1;2;3
val,DR-2_10075.jpg,DR-2_10075.txt,0;1;2;3
val,DR-1_7892.jpg,DR-1_7892.txt,0;1;2;3;5
val,DR-2_10953_vpTwv19.jpg,DR-2_10953_vpTwv19.txt,1;2;3;4;5
val,DR-1_382.jpg,DR-1_382.txt,1;2;3
val,DR-2_11974_qsz9yOp.jpg,DR-2_11974_qsz9yOp.txt,1;2;3
val,DR-1_3927.jpg,DR-1_3927.txt,0;1;4;5
val,DR-2_4839_h1ck2fK.jpg,DR-2_4839_h1ck2fK.txt,0;1;2;3
val,DR-2_13297_FzHtoSz.jpg,DR-2_13297_FzHtoSz.txt,0;1;2;3;5
val,DR-2_560.jpg,DR-2_560.txt,1;2;4;5
val,DR-1_7887.jpg,DR-1_7887.txt,1;2;3
val,DR-2_11403.jpg,DR-2_11403.txt,0;1;2;3;4
val,DR-2_5660_qWZg6h8.jpg,DR-2_5660_qWZg6h8.txt,1;2
val,DR-2_7054.jpg,DR-2_7054.txt,1;2;4;5
val,DR-2_9266.jpg,DR-2_9266.txt,1;2;5
val,DR-1_7137.jpg,DR-1_7137.txt,0;1;2;3;4
val,DR-1_9695.jpg,DR-1_9695.txt,1;2;5
val,DR-2_16027.jpg,DR-2_16027.txt,1;2;3
val,DR-2_7155_X9aizNP.jpg,DR-2_7155_X9aizNP.txt,0;1;3;4;5
val,DR-1_3176.jpg,DR-1_3176.txt,0;1;2;3;4
val,DR-2_11553.jpg,DR-2_11553.txt,1;2;4;5
val,DR-1_4375.jpg,DR-1_4375.txt,0;1;2;3;4;5
val,DR-2_9815.jpg,DR-2_9815.txt,1;2;3
val,DR-2_10111.jpg,DR-2_10111.txt,1;2;4;5
val,DR-2_14042_mp0quDK.jpg,DR-2_14042_mp0quDK.txt,2
val,DR-1_8271.jpg,DR-1_8271.txt,1;2;4;5
val,DR-2_19063.jpg,DR-2_19063.txt,1;2;5
val,DR-1_6277.jpg,DR-1_6277.txt,0;1;2;4
val,DR-2_17115.jpg,DR-2_17115.txt,0;1;2;3;4
val,DR-2_9077_k6sOdDv.jpg,DR-2_9077_k6sOdDv.txt,0;1;2;3
val,DR-2_5213_zARIZhH.jpg,DR-2_5213_zARIZhH.txt,0;1;3;5
val,DR-2_8185.jpg,DR-2_8185.txt,0;1;2;3;5
val,DR-2_8218_jBvPfDS.jpg,DR-2_8218_jBvPfDS.txt,1;2;4;5
val,DR-2_1837.jpg,DR-2_1837.txt,0;1;2;3;4;5
val,DR-1_2759.jpg,DR-1_2759.txt,1;2;4
val,DR-2_19641.jpg,DR-2_19641.txt,1;2;3
val,DR-2_2320_HIYK71V.jpg,DR-2_2320_HIYK71V.txt,0;1;2;4;5
val,DR-2_10071.jpg,DR-2_10071.txt,0;1;3;5
val,DR-2_9310.jpg,DR-2_9310.txt,0;1;2;3;4;5
val,DR-2_6095.jpg,DR-2_6095.txt,0;1;2;3;4;5
val,DR-2_14522.jpg,DR-2_14522.txt,0;1;2;3
val,DR-2_18556_qy80fcS.jpg,DR-2_18556_qy80fcS.txt,1;2;3
val,DR-2_4965.jpg,DR-2_4965.txt,0;2
val,DR-2_18012.jpg,DR-2_18012.txt,1;2
val,DR-2_12762.jpg,DR-2_12762.txt,1;2;3
val,DR-2_17623_c7zqG4T.jpg,DR-2_17623_c7zqG4T.txt,0;1;2;3;4;5
val,DR-2_14242_qi6EYcp.jpg,DR-2_14242_qi6EYcp.txt,1;2;5
val,DR-2_11298_zoY61jP.jpg,DR-2_11298_zoY61jP.txt,0;1;2;3;4
val,DR-2_3264_UwVHNek.jpg,DR-2_3264_UwVHNek.txt,1;2
val,DR-1_738.jpg,DR-1_738.txt,1;2;3
val,DR-2_12714.jpg,DR-2_12714.txt,0;1;2;3;4
val,DR-2_863_XJVTzLq.jpg,DR-2_863_XJVTzLq.txt,0;1;2;5
val,DR-2_2903.jpg,DR-2_2903.txt,0;1;2;3
val,DR-1_1905.jpg,DR-1_1905.txt,2;3
val,DR-2_4940.jpg,DR-2_4940.txt,0;1;3;4;5
val,DR-2_496.jpg,DR-2_496.txt,1;2;3
val,DR-1_3994.jpg,DR-1_3994.txt,0;1;4
val,DR-2_18218.jpg,DR-2_18218.txt,1;2;4;5
val,DR-2_16115_HP2bBTG.jpg,DR-2_16115_HP2bBTG.txt,0;1;2;3;4;5
val,DR-2_8410_YJVq8C1.jpg,DR-2_8410_YJVq8C1.txt,1;2
val,DR-2_12656_3oZs98g.jpg,DR-2_12656_3oZs98g.txt,0;1;2;3;5
val,DR-1_2041.jpg,DR-1_2041.txt,1;2;3
val,DR-2_899_DITTh09.jpg,DR-2_899_DITTh09.txt,2
val,DR-2_4082_h4q9PXS.jpg,DR-2_4082_h4q9PXS.txt,0;1;2;3;4;5
val,DR-2_18045.jpg,DR-2_18045.txt,1;2;4;5
val,DR-2_5714_tJ0VDof.jpg,DR-2_5714_tJ0VDof.txt,1;2;4;5
val,DR-1_7419.jpg,DR-1_7419.txt,0;1;2;3;4
val,DR-2_18791_a5VETod.jpg,DR-2_18791_a5VETod.txt,1;2;3
val,DR-1_7891.jpg,DR-1_7891.txt,1;2;3
val,DR-2_6434.jpg,DR-2_6434.txt,0;3
val,DR-2_12662_36BdYWq.jpg,DR-2_12662_36BdYWq.txt,0;1;2;3;5
val,DR-2_4585.jpg,DR-2_4585.txt,0;1;2;3;4;5
val,DR-2_3784_T8QztXP.jpg,DR-2_3784_T8QztXP.txt,1;2;4;5
val,DR-2_656.jpg,DR-2_656.txt,1;5
val,DR-1_4281.jpg,DR-1_4281.txt,0;1;2;5
val,DR-2_3453.jpg,DR-2_3453.txt,1;2;4;5
val,DR-2_9403.jpg,DR-2_9403.txt,0;1;3;4
val,DR-2_7862_WC29ott.jpg,DR-2_7862_WC29ott.txt,3
val,DR-2_11770_1JYFNsi.jpg,DR-2_11770_1JYFNsi.txt,0;1;2;3;4;5
val,DR-1_3017.jpg,DR-1_3017.txt,3
val,DR-1_9310.jpg,DR-1_9310.txt,0;1;2;3;4;5
val,DR-2_13288_nDVojwR.jpg,DR-2_13288_nDVojwR.txt,1;2;5
val,DR-2_1853.jpg,DR-2_1853.txt,1;2;4;5
val,DR-2_3644.jpg,DR-2_3644.txt,0;1;3;4;5
val,DR-2_10928.jpg,DR-2_10928.txt,2;3
val,DR-2_15445.jpg,DR-2_15445.txt,0;1;2
val,DR-1_4468.jpg,DR-1_4468.txt,1;2;3
val,DR-2_1796_ZjAXrpw.jpg,DR-2_1796_ZjAXrpw.txt,0;1;2
val,DR-2_5964.jpg,DR-2_5964.txt,0;1;2;3;4;5
val,DR-2_5083_wcdr1ic.jpg,DR-2_5083_wcdr1ic.txt,1;2;3;5
val,DR-2_19150_zp46ORQ.jpg,DR-2_19150_zp46ORQ.txt,0;2;3
val,DR-1_20.jpg,DR-1_20.txt,0;2;3
val,DR-1_8711.jpg,DR-1_8711.txt,1;2;4;5
val,DR-1_984.jpg,DR-1_984.txt,0;1;2;3
val,DR-2_18645.jpg,DR-2_18645.txt,0;1;2;3;5
val,DR-2_14358.jpg,DR-2_14358.txt,4
val,DR-2_5033.jpg,DR-2_5033.txt,0;1;2;3
val,DR-2_19285.jpg,DR-2_19285.txt,1;2;3
val,DR-2_19581_j9eza6o.jpg,DR-2_19581_j9eza6o.txt,0;1;2;3
val,DR-2_6037.jpg,DR-2_6037.txt,2;3
val,DR-2_5738.jpg,DR-2_5738.txt,1;2;3
val,DR-1_2716.jpg,DR-1_2716.txt,1;2;5
val,DR-2_12312_YwKdVu5.jpg,DR-2_12312_YwKdVu5.txt,0;1;2;3;5
val,DR-2_11511_v0DWqCV.jpg,DR-2_11511_v0DWqCV.txt,1;2;3
val,DR-2_8295.jpg,DR-2_8295.txt,0;2;3
val,DR-2_1582.jpg,DR-2_1582.txt,0;1;2;3;4
val,DR-2_15202.jpg,DR-2_15202.txt,1;2;3
val,DR-2_13889.jpg,DR-2_13889.txt,0;1;4;5
val,DR-2_9631_sSLxWLz.jpg,DR-2_9631_sSLxWLz.txt,1;2;4
val,DR-2_19698.jpg,DR-2_19698.txt,0;1;2;3
val,DR-2_12535.jpg,DR-2_12535.txt,1;2;3
val,DR-1_2304.jpg,DR-1_2304.txt,1;2;3
val,DR-2_770_RPzu7X1.jpg,DR-2_770_RPzu7X1.txt,0;3;4;5
val,DR-1_9519.jpg,DR-1_9519.txt,1;2;3
val,DR-2_3120_zpbcDqf.jpg,DR-2_3120_zpbcDqf.txt,1;2;4;5
val,DR-2_11456_l8WsVTR.jpg,DR-2_11456_l8WsVTR.txt,1;2;5
val,DR-2_18894.jpg,DR-2_18894.txt,1;2;4;5
val,DR-1_3244.jpg,DR-1_3244.txt,2;3
val,DR-2_2969_685KAbs.jpg,DR-2_2969_685KAbs.txt,1;2;3
val,DR-2_14771.jpg,DR-2_14771.txt,0;1;2;3
val,DR-1_456.jpg,DR-1_456.txt,1;2
val,DR-2_17180_eCaawx1.jpg,DR-2_17180_eCaawx1.txt,1;2;4;5
val,DR-2_19450.jpg,DR-2_19450.txt,1;5
val,DR-2_5529.jpg,DR-2_5529.txt,0;2
val,DR-1_6592.jpg,DR-1_6592.txt,2;3
val,DR-2_13948.jpg,DR-2_13948.txt,2;3
val,DR-2_9672_COWQaKS.jpg,DR-2_9672_COWQaKS.txt,0;1;2;3
val,DR-2_2308.jpg,DR-2_2308.txt,0;1;3
val,DR-2_3338_brPInyg.jpg,DR-2_3338_brPInyg.txt,1;2;3
val,DR-2_19193.jpg,DR-2_19193.txt,0;1;2;3
val,DR-2_14137_im65m46.jpg,DR-2_14137_im65m46.txt,1;2
val,DR-2_1239.jpg,DR-2_1239.txt,0;1;2;3;4
val,DR-2_1476.jpg,DR-2_1476.txt,0;1;2;3
val,DR-2_10927_uttjBEJ.jpg,DR-2_10927_uttjBEJ.txt,0;3
val,DR-2_792_9unRTPM.jpg,DR-2_792_9unRTPM.txt,0;1;2;3;5
val,DR-2_5339.jpg,DR-2_5339.txt,1;2
val,DR-2_871_0NXVosE.jpg,DR-2_871_0NXVosE.txt,0;1;2;4
val,DR-2_9090_NRM4p3G.jpg,DR-2_9090_NRM4p3G.txt,0;1;2;3
val,DR-2_6845_XIm16BL.jpg,DR-2_6845_XIm16BL.txt,0;1;2;3;4;5
val,DR-2_44_0fBbkVE.jpg,DR-2_44_0fBbkVE.txt,1;2;3
val,DR-2_2402_dQQPkRh.jpg,DR-2_2402_dQQPkRh.txt,0;1;2;5
val,DR-2_1616.jpg,DR-2_1616.txt,1;2;3
val,DR-1_9584.jpg,DR-1_9584.txt,0;1;2;3;4
val,DR-2_2601_PN455n1.jpg,DR-2_2601_PN455n1.txt,0;1;2
val,DR-2_13697_M06EPIX.jpg,DR-2_13697_M06EPIX.txt,0;1;2;3;5
val,DR-2_1558_eJCbbzQ.jpg,DR-2_1558_eJCbbzQ.txt,1;2;4
val,DR-1_8894.jpg,DR-1_8894.txt,1;2;4;5
val,DR-2_17981.jpg,DR-2_17981.txt,1;2;3
val,DR-2_3236_WfFWCLF.jpg,DR-2_3236_WfFWCLF.txt,1;2;4;5
val,DR-2_11275_JzhFZMK.jpg,DR-2_11275_JzhFZMK.txt,0;1;2;3;5
val,DR-2_7069.jpg,DR-2_7069.txt,1;2;3
val,DR-2_7109_xdrirTz.jpg,DR-2_7109_xdrirTz.txt,0;1;2;3
val,DR-2_18875.jpg,DR-2_18875.txt,0;1;2;3;4;5
val,DR-2_16161_pP1M01g.jpg,DR-2_16161_pP1M01g.txt,1;2;3
val,DR-1_3050.jpg,DR-1_3050.txt,1;4;5
val,DR-2_10755.jpg,DR-2_10755.txt,1;2;3;4
val,DR-2_5523.jpg,DR-2_5523.txt,0;1;2;3;4
val,DR-2_7230.jpg,DR-2_7230.txt,0;1;2
val,DR-2_16031.jpg,DR-2_16031.txt,1;2
val,DR-2_1994_UUKPJ0v.jpg,DR-2_1994_UUKPJ0v.txt,0;3;4
val,DR-2_1840.jpg,DR-2_1840.txt,0;1;2;3
val,DR-1_1091.jpg,DR-1_1091.txt,0;1;2;4;5
val,DR-1_6032.jpg,DR-1_6032.txt,1;2;4;5
val,DR-2_8694_Ouas8y5.jpg,DR-2_8694_Ouas8y5.txt,0;3
val,DR-1_1761.jpg,DR-1_1761.txt,1;2;4;5
val,DR-2_13551_wRx44OD.jpg,DR-2_13551_wRx44OD.txt,1;2;3
val,DR-2_15761_n9lF8gV.jpg,DR-2_15761_n9lF8gV.txt,1;2;4;5
val,DR-1_2403.jpg,DR-1_2403.txt,0;3
val,DR-2_15548.jpg,DR-2_15548.txt,1;2
val,DR-2_11431.jpg,DR-2_11431.txt,1;2;5
val,DR-2_16536.jpg,DR-2_16536.txt,2;3
val,DR-2_18675.jpg,DR-2_18675.txt,0;2
val,DR-2_4375_mu2KNRn.jpg,DR-2_4375_mu2KNRn.txt,0;1;2;3;4
val,DR-2_5072_6koOCvJ.jpg,DR-2_5072_6koOCvJ.txt,0;1;2
val,DR-2_7823.jpg,DR-2_7823.txt,0;1;2;3;4;5
val,DR-2_2553_OiFrO7e.jpg,DR-2_2553_OiFrO7e.txt,0;1;2;3
val,DR-2_15319.jpg,DR-2_15319.txt,0;1;2;3;5
val,DR-2_8865_amARRp0.jpg,DR-2_8865_amARRp0.txt,1;2;3;4;5
val,DR-2_6603_hrWqhHN.jpg,DR-2_6603_hrWqhHN.txt,1;2;3
val,DR-2_16024_QK1vAow.jpg,DR-2_16024_QK1vAow.txt,0;1;2;3;5
val,DR-1_4874.jpg,DR-1_4874.txt,1;2;3
val,DR-2_11454_aMC4uNB.jpg,DR-2_11454_aMC4uNB.txt,0;1;2;3
val,DR-1_4692.jpg,DR-1_4692.txt,1;2
val,DR-1_4902.jpg,DR-1_4902.txt,0;2
val,DR-2_6279_RU63vLz.jpg,DR-2_6279_RU63vLz.txt,0;1;2;5
val,DR-2_8139.jpg,DR-2_8139.txt,0;1;2
val,DR-1_3751.jpg,DR-1_3751.txt,0;1;2
val,DR-2_11913_B0ZlPOE.jpg,DR-2_11913_B0ZlPOE.txt,1;2;3
val,DR-2_17801.jpg,DR-2_17801.txt,0;2
val,DR-1_5889.jpg,DR-1_5889.txt,1;2;4
val,DR-2_15042.jpg,DR-2_15042.txt,1;2;3
val,DR-2_13379_ddhawCc.jpg,DR-2_13379_ddhawCc.txt,0;2
val,DR-2_1277_qdXzZOp.jpg,DR-2_1277_qdXzZOp.txt,0;1;2;4;5
val,DR-1_5002.jpg,DR-1_5002.txt,1;2;5
val,DR-1_24.jpg,DR-1_24.txt,1;2;5
val,DR-2_14899_GeQqWYJ.jpg,DR-2_14899_GeQqWYJ.txt,1;2
val,DR-1_8617.jpg,DR-1_8617.txt,0;2;3
val,DR-2_13784_jGUx1YR.jpg,DR-2_13784_jGUx1YR.txt,0;1;2;4;5
val,DR-1_3279.jpg,DR-1_3279.txt,1;2;5
val,DR-2_17983.jpg,DR-2_17983.txt,0;1;2;3
val,DR-2_18588_JWxwgDc.jpg,DR-2_18588_JWxwgDc.txt,0;1;2;4;5
val,DR-1_6236.jpg,DR-1_6236.txt,0;1;2;4;5
val,DR-2_8054.jpg,DR-2_8054.txt,1;2;4;5
val,DR-2_17439_OnSxuqV.jpg,DR-2_17439_OnSxuqV.txt,0;1;2;5
val,DR-2_16657.jpg,DR-2_16657.txt,0;1;2;5
val,DR-2_5316_gC0QXei.jpg,DR-2_5316_gC0QXei.txt,0;1;2
val,DR-2_16957_BNkGEhS.jpg,DR-2_16957_BNkGEhS.txt,1;2;3
val,DR-2_13853.jpg,DR-2_13853.txt,1;2;5
val,DR-1_5892.jpg,DR-1_5892.txt,0;1;2;5
val,DR-2_11914.jpg,DR-2_11914.txt,0;1;2;3;4
val,DR-1_9964.jpg,DR-1_9964.txt,0;1;2;3
val,DR-2_5284.jpg,DR-2_5284.txt,1;2;3
val,DR-1_7415.jpg,DR-1_7415.txt,1;2;3
val,DR-1_2523.jpg,DR-1_2523.txt,0;1;2;3;4;5
val,DR-2_5956.jpg,DR-2_5956.txt,1;2;3
val,DR-2_4907.jpg,DR-2_4907.txt,0;1;2;3;5
val,DR-1_7143.jpg,DR-1_7143.txt,0;1;2;3;4;5
val,DR-2_4764_w6xK6CB.jpg,DR-2_4764_w6xK6CB.txt,0;1;2
val,DR-2_19103_5Esr3Af.jpg,DR-2_19103_5Esr3Af.txt,1;2;3
val,DR-2_4453.jpg,DR-2_4453.txt,1;2;3
val,DR-2_7948_tke0l7m.jpg,DR-2_7948_tke0l7m.txt,1;2;3
val,DR-2_14856_EJOJoR1.jpg,DR-2_14856_EJOJoR1.txt,0;1;2;5
val,DR-2_11026_xgdRVgA.jpg,DR-2_11026_xgdRVgA.txt,1;4;5
val,DR-2_11876_mfTWDBa.jpg,DR-2_11876_mfTWDBa.txt,0;1;2;3;5
val,DR-2_12155_LMe1mhb.jpg,DR-2_12155_LMe1mhb.txt,0;1;2;3
val,DR-2_18088_hYPmNZg.jpg,DR-2_18088_hYPmNZg.txt,1;2;5
val,DR-2_12810_O1Mtp7D.jpg,DR-2_12810_O1Mtp7D.txt,1;2;3
val,DR-2_18937.jpg,DR-2_18937.txt,0;1;3
val,DR-1_1585.jpg,DR-1_1585.txt,0;1;2;3;4;5
val,DR-2_12770.jpg,DR-2_12770.txt,0;3;4;5
val,DR-2_17595.jpg,DR-2_17595.txt,1;2;3
val,DR-1_1302.jpg,DR-1_1302.txt,0;1;2;3;4;5
val,DR-2_9007.jpg,DR-2_9007.txt,1;2;4;5
val,DR-2_16498.jpg,DR-2_16498.txt,1;2;5
val,DR-1_5615.jpg,DR-1_5615.txt,0;1;2;3;5
val,DR-1_865.jpg,DR-1_865.txt,1;2;4;5
val,DR-2_12761_MyhQq3j.jpg,DR-2_12761_MyhQq3j.txt,1;2;4;5
val,DR-1_8182.jpg,DR-1_8182.txt,1;2
val,DR-1_6013.jpg,DR-1_6013.txt,0;3
val,DR-2_6465_Stlb9yb.jpg,DR-2_6465_Stlb9yb.txt,0;1;2
val,DR-2_11580.jpg,DR-2_11580.txt,1;2;3
val,DR-2_13504.jpg,DR-2_13504.txt,0;2;3
val,DR-2_5748_iSzuC9D.jpg,DR-2_5748_iSzuC9D.txt,1;2
val,DR-2_12053_6mdvdyZ.jpg,DR-2_12053_6mdvdyZ.txt,0;1;2;3;4;5
val,DR-2_12630_RLfe2JU.jpg,DR-2_12630_RLfe2JU.txt,1;2;5
val,DR-2_3521_7r205pI.jpg,DR-2_3521_7r205pI.txt,1;2;4;5
val,DR-2_7967_XoQ0WuF.jpg,DR-2_7967_XoQ0WuF.txt,0;1;2
val,DR-1_6342.jpg,DR-1_6342.txt,1;2;4;5
val,DR-2_6369_A2kalA6.jpg,DR-2_6369_A2kalA6.txt,0;1;2
val,DR-2_10492.jpg,DR-2_10492.txt,0;2;3;5
val,DR-2_3329_FVQbA20.jpg,DR-2_3329_FVQbA20.txt,1;2;4;5
val,DR-2_15094_hDRepyD.jpg,DR-2_15094_hDRepyD.txt,1;4;5
val,DR-2_15768.jpg,DR-2_15768.txt,2;3
val,DR-1_1093.jpg,DR-1_1093.txt,1;2;5
val,DR-2_123_PjEcOLj.jpg,DR-2_123_PjEcOLj.txt,0;2;3;5
val,DR-2_9128.jpg,DR-2_9128.txt,0;1;2;3;4;5
val,DR-2_7225_yn6YbOQ.jpg,DR-2_7225_yn6YbOQ.txt,1;2;3
val,DR-1_8582.jpg,DR-1_8582.txt,0;1;2;3;4
val,DR-2_17977_JrGqFWV.jpg,DR-2_17977_JrGqFWV.txt,1;2;5
val,DR-2_8914_s5f1JrZ.jpg,DR-2_8914_s5f1JrZ.txt,0;1;2;4
val,DR-2_9894.jpg,DR-2_9894.txt,1;2;4
val,DR-2_15229.jpg,DR-2_15229.txt,1;2;4;5
val,DR-1_3102.jpg,DR-1_3102.txt,0;1;2;3
val,DR-2_5668_XmB3wyw.jpg,DR-2_5668_XmB3wyw.txt,1;5
val,DR-2_15668.jpg,DR-2_15668.txt,1;2;5
val,DR-2_15514.jpg,DR-2_15514.txt,1;2;3
val,DR-2_17568_Ocxb1zM.jpg,DR-2_17568_Ocxb1zM.txt,1;5
val,DR-2_11922_nde9XPn.jpg,DR-2_11922_nde9XPn.txt,0;2
val,DR-2_8652.jpg,DR-2_8652.txt,1;2;3
val,DR-1_8096.jpg,DR-1_8096.txt,1;5
val,DR-2_929.jpg,DR-2_929.txt,0;1;2;3;4
val,DR-1_2490.jpg,DR-1_2490.txt,0;1;2;3;5
val,DR-2_11177.jpg,DR-2_11177.txt,1;2;4;5
val,DR-1_4406.jpg,DR-1_4406.txt,1;2;3
val,DR-2_9834_iR875pr.jpg,DR-2_9834_iR875pr.txt,0;1;2
val,DR-2_6393_chd0bHk.jpg,DR-2_6393_chd0bHk.txt,0;1;2;3;5
val,DR-2_13863.jpg,DR-2_13863.txt,1;2;3
val,DR-2_5623_oB3kDKv.jpg,DR-2_5623_oB3kDKv.txt,0;1;2
val,DR-2_2031.jpg,DR-2_2031.txt,1;2
val,DR-2_3492.jpg,DR-2_3492.txt,0;1;2;3;4
val,DR-2_5085_xzulkDQ.jpg,DR-2_5085_xzulkDQ.txt,0;1;2
val,DR-2_13252.jpg,DR-2_13252.txt,1;2;4;5
val,DR-2_14489.jpg,DR-2_14489.txt,1;2;3
val,DR-2_17230_D1EzNaM.jpg,DR-2_17230_D1EzNaM.txt,0;1;2;3
val,DR-2_15806.jpg,DR-2_15806.txt,1;2;3
val,DR-2_7362_bR0V8CM.jpg,DR-2_7362_bR0V8CM.txt,1;2
val,DR-2_13867.jpg,DR-2_13867.txt,1;2
val,DR-2_242_5VVKJ02.jpg,DR-2_242_5VVKJ02.txt,0;1;2
val,DR-2_7206.jpg,DR-2_7206.txt,0;1;2
val,DR-1_5950.jpg,DR-1_5950.txt,1;2;3
val,DR-2_9338.jpg,DR-2_9338.txt,1;2;3
val,DR-2_3643.jpg,DR-2_3643.txt,1;2;3
val,DR-2_15297_tG09xjo.jpg,DR-2_15297_tG09xjo.txt,1;2;3
val,DR-2_15194_E24vti8.jpg,DR-2_15194_E24vti8.txt,0;1;2;3
val,DR-2_3203.jpg,DR-2_3203.txt,0;1;2;3;4;5
val,DR-2_9264_gF2GeBU.jpg,DR-2_9264_gF2GeBU.txt,0;1;2;3;4;5
val,DR-2_12598_P2qd9b9.jpg,DR-2_12598_P2qd9b9.txt,0;1;2;3
val,DR-2_10111_UhHq8A5.jpg,DR-2_10111_UhHq8A5.txt,1;2;4;5
val,DR-2_1585.jpg,DR-2_1585.txt,0;1;2;3;4;5
val,DR-2_15871_Ebjna2t.jpg,DR-2_15871_Ebjna2t.txt,1;2;4
val,DR-1_8341.jpg,DR-1_8341.txt,1;2;5
val,DR-2_6397.jpg,DR-2_6397.txt,1;2;3
val,DR-2_15336_dwXp02P.jpg,DR-2_15336_dwXp02P.txt,0;2
val,DR-2_12497_QFJt7MV.jpg,DR-2_12497_QFJt7MV.txt,0;1;2;3;4
val,DR-2_12813_ZQnYacq.jpg,DR-2_12813_ZQnYacq.txt,0;2
val,DR-2_7400.jpg,DR-2_7400.txt,1;2;5
val,DR-1_8012.jpg,DR-1_8012.txt,1;2
val,DR-2_13879.jpg,DR-2_13879.txt,0;1;2;3
val,DR-2_14144_prarSQQ.jpg,DR-2_14144_prarSQQ.txt,1;2;3
val,DR-2_19128.jpg,DR-2_19128.txt,1;2;4;5
val,DR-1_9297.jpg,DR-1_9297.txt,0;1;2;3;5
val,DR-2_13603_bu8dlqi.jpg,DR-2_13603_bu8dlqi.txt,0;1;2;3;4;5
val,DR-2_7571.jpg,DR-2_7571.txt,1;2;5
val,DR-2_18333_Iw0yJ8A.jpg,DR-2_18333_Iw0yJ8A.txt,0;1;2;3
val,DR-2_16549.jpg,DR-2_16549.txt,2;3
val,DR-2_14387.jpg,DR-2_14387.txt,1;2;3
val,DR-2_11107_MeQU8Uj.jpg,DR-2_11107_MeQU8Uj.txt,0;1;2;3
val,DR-2_16490_V8p6iGX.jpg,DR-2_16490_V8p6iGX.txt,0;1;2;5
val,DR-1_6428.jpg,DR-1_6428.txt,0;1;2;3
val,DR-2_11240_xXJ29Yb.jpg,DR-2_11240_xXJ29Yb.txt,2;3
val,DR-2_6190_ZnZRhW0.jpg,DR-2_6190_ZnZRhW0.txt,0;1;2;3;4
val,DR-2_326_wV9rr3y.jpg,DR-2_326_wV9rr3y.txt,0;2;3;4
val,DR-2_6308.jpg,DR-2_6308.txt,0;1;2;3
val,DR-1_7106.jpg,DR-1_7106.txt,3
val,DR-2_13392_UDytB0a.jpg,DR-2_13392_UDytB0a.txt,0;1;2;3;4
val,DR-2_5836.jpg,DR-2_5836.txt,0;1;2;4;5
val,DR-2_3233_ewNddYG.jpg,DR-2_3233_ewNddYG.txt,1;2
val,DR-2_2109_zRpZya5.jpg,DR-2_2109_zRpZya5.txt,0;1;2;3
val,DR-2_14145.jpg,DR-2_14145.txt,0;2
val,DR-2_669_MA2u0OT.jpg,DR-2_669_MA2u0OT.txt,1;2;3
val,DR-1_8909.jpg,DR-1_8909.txt,1;2;3
val,DR-1_4527.jpg,DR-1_4527.txt,0;1;2;4;5
val,DR-2_7692_Q4YXALP.jpg,DR-2_7692_Q4YXALP.txt,1;2;5
val,DR-2_17687_oPi9R1P.jpg,DR-2_17687_oPi9R1P.txt,0;1;2;3
val,DR-2_15475.jpg,DR-2_15475.txt,0;1;2;5
val,DR-2_6737_glVBgup.jpg,DR-2_6737_glVBgup.txt,0;1;2;3;5
val,DR-2_1463.jpg,DR-2_1463.txt,0;2;3
val,DR-2_3223.jpg,DR-2_3223.txt,1;2;5
val,DR-1_3156.jpg,DR-1_3156.txt,1;2;3
val,DR-2_387.jpg,DR-2_387.txt,0;1;3;5
val,DR-2_14950_UBwcxb5.jpg,DR-2_14950_UBwcxb5.txt,1;2;3
val,DR-1_708.jpg,DR-1_708.txt,0;1;2;3
val,DR-1_5128.jpg,DR-1_5128.txt,0;1;2;3;4
val,DR-2_17389_G1ACzm1.jpg,DR-2_17389_G1ACzm1.txt,0;2;3
val,DR-2_6354_z9cqfNI.jpg,DR-2_6354_z9cqfNI.txt,0;1;2;3;4;5
val,DR-2_4672.jpg,DR-2_4672.txt,0;2;3
val,DR-2_14197.jpg,DR-2_14197.txt,1;2
val,DR-2_15863_oyGPVI2.jpg,DR-2_15863_oyGPVI2.txt,0;1;2;5
val,DR-1_6882.jpg,DR-1_6882.txt,0;1;2;3;4
val,DR-2_7848_EFwuqvO.jpg,DR-2_7848_EFwuqvO.txt,1;2
val,DR-1_321.jpg,DR-1_321.txt,0;1;2;5
val,DR-1_2814.jpg,DR-1_2814.txt,1;2;5
val,DR-2_11395.jpg,DR-2_11395.txt,0;1;2;3
val,DR-2_10800_oikL2p6.jpg,DR-2_10800_oikL2p6.txt,0;2;3;4
val,DR-2_4309_MDf4DFZ.jpg,DR-2_4309_MDf4DFZ.txt,0;2
val,DR-2_7636_XAagfpW.jpg,DR-2_7636_XAagfpW.txt,0;1;2;3
val,DR-2_8801_feDbnYX.jpg,DR-2_8801_feDbnYX.txt,0;2
val,DR-1_985.jpg,DR-1_985.txt,0;1;2;3
val,DR-2_10079.jpg,DR-2_10079.txt,1;2;5
val,DR-1_6926.jpg,DR-1_6926.txt,1;2
val,DR-2_7308.jpg,DR-2_7308.txt,0;1;3;5
val,DR-2_5161.jpg,DR-2_5161.txt,1;2;3
val,DR-2_16408.jpg,DR-2_16408.txt,0;1;2;3
val,DR-2_17748_9x4xTvu.jpg,DR-2_17748_9x4xTvu.txt,1;2;3;5
val,DR-2_1622.jpg,DR-2_1622.txt,1;2;5
val,DR-2_11758_wgvgURa.jpg,DR-2_11758_wgvgURa.txt,1;2;3
val,DR-2_18167_VTJopGa.jpg,DR-2_18167_VTJopGa.txt,1;2;4;5
val,DR-1_6650.jpg,DR-1_6650.txt,0;1;2;3
val,DR-1_3419.jpg,DR-1_3419.txt,0;1;2;3
val,DR-1_9518.jpg,DR-1_9518.txt,0;1;2
val,DR-2_9929_C4Kk4O7.jpg,DR-2_9929_C4Kk4O7.txt,0;2
val,DR-1_4038.jpg,DR-1_4038.txt,1;2;3
val,DR-2_16905_Lhlxjqb.jpg,DR-2_16905_Lhlxjqb.txt,2;3
val,DR-2_15311.jpg,DR-2_15311.txt,0;1;2;3;4;5
val,DR-1_8494.jpg,DR-1_8494.txt,1;2;3
val,DR-2_18749_idOolnf.jpg,DR-2_18749_idOolnf.txt,0;2;5
val,DR-2_5913.jpg,DR-2_5913.txt,1;2
val,DR-2_11916_6x71MT0.jpg,DR-2_11916_6x71MT0.txt,0;1;2;3;5
val,DR-2_1527.jpg,DR-2_1527.txt,1;2;4;5
val,DR-1_6264.jpg,DR-1_6264.txt,1;2;4;5
val,DR-2_19655.jpg,DR-2_19655.txt,2
val,DR-2_11867.jpg,DR-2_11867.txt,0;1;2
val,DR-2_12624_cO7xKx8.jpg,DR-2_12624_cO7xKx8.txt,0;1;2;3;5
val,DR-1_9676.jpg,DR-1_9676.txt,1;2;4;5
val,DR-2_8926.jpg,DR-2_8926.txt,1;2;4
val,DR-2_6388_3LoUkP7.jpg,DR-2_6388_3LoUkP7.txt,1;2;3
val,DR-2_17895_zN02ZFL.jpg,DR-2_17895_zN02ZFL.txt,1;2;4;5
val,DR-1_5277.jpg,DR-1_5277.txt,1;2;4;5
val,DR-1_110.jpg,DR-1_110.txt,0;1;2;3;4;5
val,DR-2_1216_eb3VTHD.jpg,DR-2_1216_eb3VTHD.txt,1;2;3
test,DR-2_2019_Nt4yM6R.jpg,DR-2_2019_Nt4yM6R.txt,0;1;2;3;4
test,DR-2_14348.jpg,DR-2_14348.txt,0;1;2
test,DR-1_9411.jpg,DR-1_9411.txt,0;1;3
test,DR-2_12081.jpg,DR-2_12081.txt,0;1;2;3;5
test,DR-2_8582.jpg,DR-2_8582.txt,0;3
test,DR-2_2155_ksaE3BD.jpg,DR-2_2155_ksaE3BD.txt,0;3;4;5
test,DR-2_3275.jpg,DR-2_3275.txt,0;1;3;5
test,DR-2_9530_5v2zprd.jpg,DR-2_9530_5v2zprd.txt,2
test,DR-2_15531_4jeZiEN.jpg,DR-2_15531_4jeZiEN.txt,1;2;3
test,DR-2_9864_AlILTI0.jpg,DR-2_9864_AlILTI0.txt,1;2;3
test,DR-2_16313.jpg,DR-2_16313.txt,1;2;3
test,DR-2_6760_GOxLezM.jpg,DR-2_6760_GOxLezM.txt,1;2;3
test,DR-2_11703_k8akHDQ.jpg,DR-2_11703_k8akHDQ.txt,1;2;3
test,DR-1_5321.jpg,DR-1_5321.txt,1;2;5
test,DR-2_12616.jpg,DR-2_12616.txt,0;2
test,DR-2_8782_RvTXZa1.jpg,DR-2_8782_RvTXZa1.txt,0;1;2;3;4;5
test,DR-2_13000_KJ3W7dd.jpg,DR-2_13000_KJ3W7dd.txt,1;2;3
test,DR-1_278.jpg,DR-1_278.txt,0;1;2;3;5
test,DR-2_17785_jMQZo0K.jpg,DR-2_17785_jMQZo0K.txt,0;2
test,DR-1_619.jpg,DR-1_619.txt,2;3
test,DR-1_5720.jpg,DR-1_5720.txt,0;1;2;3;4
test,DR-1_8804.jpg,DR-1_8804.txt,0;2
test,DR-2_15591_s2L4HfG.jpg,DR-2_15591_s2L4HfG.txt,0;2;3
test,DR-2_12144.jpg,DR-2_12144.txt,1;2
test,DR-2_28_SUjppA8.jpg,DR-2_28_SUjppA8.txt,0;2
test,DR-2_3026.jpg,DR-2_3026.txt,0;1;2;3;4;5
test,DR-2_12352_zX4rb25.jpg,DR-2_12352_zX4rb25.txt,3
test,DR-1_169.jpg,DR-1_169.txt,1;2;5
test,DR-2_19462.jpg,DR-2_19462.txt,0;1;2
test,DR-2_7861.jpg,DR-2_7861.txt,1;2;3
test,DR-2_3876.jpg,DR-2_3876.txt,0;1;2;3;5
test,DR-2_3505.jpg,DR-2_3505.txt,1;2;3
test,DR-2_19110.jpg,DR-2_19110.txt,0;1;2;5
test,DR-2_11973.jpg,DR-2_11973.txt,1;2;3
test,DR-2_519.jpg,DR-2_519.txt,1;2;3
test,DR-2_16636.jpg,DR-2_16636.txt,0;1;2;3
test,DR-2_1078_zzQZBrM.jpg,DR-2_1078_zzQZBrM.txt,0;1;2;3
test,DR-2_9503.jpg,DR-2_9503.txt,2
test,DR-1_150.jpg,DR-1_150.txt,1;2;5
test,DR-1_9898.jpg,DR-1_9898.txt,1;2;4;5
test,DR-1_3665.jpg,DR-1_3665.txt,0;1;2;4;5
test,DR-2_3664.jpg,DR-2_3664.txt,1;2;3
test,DR-2_11107.jpg,DR-2_11107.txt,0;1;2;3;5
test,DR-1_319.jpg,DR-1_319.txt,0;3
test,DR-2_5892.jpg,DR-2_5892.txt,0;1;2;3;5
test,DR-1_8797.jpg,DR-1_8797.txt,0;2;3;4
test,DR-2_8326.jpg,DR-2_8326.txt,0;2;3;4;5
test,DR-2_3203_JXN1dkX.jpg,DR-2_3203_JXN1dkX.txt,0;1;2;3;4
test,DR-2_4944.jpg,DR-2_4944.txt,1;2;5
test,DR-2_12366_VdvGdBE.jpg,DR-2_12366_VdvGdBE.txt,0;1;2;3
test,DR-1_7128.jpg,DR-1_7128.txt,0;1;2;3;4;5
test,DR-2_17494.jpg,DR-2_17494.txt,1;2;3
test,DR-2_9035_ihvgKFE.jpg,DR-2_9035_ihvgKFE.txt,1;2;4;5
test,DR-2_4782_7kTOknk.jpg,DR-2_4782_7kTOknk.txt,0;1;2;3;4
test,DR-2_14170_qLgsJ7Y.jpg,DR-2_14170_qLgsJ7Y.txt,1;2;3
test,DR-2_8653_8ozBIKi.jpg,DR-2_8653_8ozBIKi.txt,0;1;2;3
test,DR-2_18566.jpg,DR-2_18566.txt,0;1;2;3
test,DR-2_12629_umF6VgA.jpg,DR-2_12629_umF6VgA.txt,1;2;3
test,DR-1_54.jpg,DR-1_54.txt,4;5
test,DR-2_9106.jpg,DR-2_9106.txt,0;1;2;3;4;5
test,DR-2_16278_6gAQcqS.jpg,DR-2_16278_6gAQcqS.txt,0;1;2;3
test,DR-2_2289.jpg,DR-2_2289.txt,1;2;5
test,DR-2_13710.jpg,DR-2_13710.txt,1;2;3
test,DR-2_4640_C5DyRbF.jpg,DR-2_4640_C5DyRbF.txt,1;2
test,DR-1_2854.jpg,DR-1_2854.txt,0;3
test,DR-2_10141_1lPWThi.jpg,DR-2_10141_1lPWThi.txt,0;1;2;3
test,DR-2_1767_aNsu95o.jpg,DR-2_1767_aNsu95o.txt,1;2;3
test,DR-2_14548.jpg,DR-2_14548.txt,1;2;4;5
test,DR-2_18168.jpg,DR-2_18168.txt,1;2
test,DR-2_17495.jpg,DR-2_17495.txt,1;2;3
test,DR-2_12568.jpg,DR-2_12568.txt,0;1;2;3;5
test,DR-1_8484.jpg,DR-1_8484.txt,1;2;3;5
test,DR-2_1021_nDbwx0Z.jpg,DR-2_1021_nDbwx0Z.txt,0;1;2;3
test,DR-2_9433.jpg,DR-2_9433.txt,0;1;3;4;5
test,DR-2_6009.jpg,DR-2_6009.txt,0;1;2
test,DR-2_17334_VU1j5H7.jpg,DR-2_17334_VU1j5H7.txt,0;1;2;3
test,DR-2_2994_oNtxFUE.jpg,DR-2_2994_oNtxFUE.txt,0;1;2;3;4;5
test,DR-2_9038_YjteW0Z.jpg,DR-2_9038_YjteW0Z.txt,1;2;3
test,DR-2_4435_Tuhh3vo.jpg,DR-2_4435_Tuhh3vo.txt,1;2
test,DR-2_11482_d9YzBIo.jpg,DR-2_11482_d9YzBIo.txt,0;2;5
test,DR-2_13440.jpg,DR-2_13440.txt,0;1;3;4;5
test,DR-2_17653_m9dFICA.jpg,DR-2_17653_m9dFICA.txt,1;2
test,DR-2_493.jpg,DR-2_493.txt,0;1;2;3
test,DR-1_8161.jpg,DR-1_8161.txt,1;2;3
test,DR-2_12747_mWxFEI2.jpg,DR-2_12747_mWxFEI2.txt,1;2;4;5
test,DR-2_18592_yQRhrfq.jpg,DR-2_18592_yQRhrfq.txt,1;2
test,DR-1_5814.jpg,DR-1_5814.txt,0;1;2;3;4
test,DR-2_2393.jpg,DR-2_2393.txt,0;1;2;3;5
test,DR-2_1892_t54yQ8g.jpg,DR-2_1892_t54yQ8g.txt,0;1;2;3;5
test,DR-2_11416.jpg,DR-2_11416.txt,1;2;5
test,DR-2_8609_2ZvIEiV.jpg,DR-2_8609_2ZvIEiV.txt,0;1;2;5
test,DR-2_14584_9xzdd6S.jpg,DR-2_14584_9xzdd6S.txt,0;1;2;3;4;5
test,DR-2_2227.jpg,DR-2_2227.txt,1;2;5
test,DR-2_7237_7EtAQev.jpg,DR-2_7237_7EtAQev.txt,2
test,DR-2_9578.jpg,DR-2_9578.txt,0;2;3
test,DR-1_8634.jpg,DR-1_8634.txt,1;2;5
test,DR-2_17126_qNq9zZA.jpg,DR-2_17126_qNq9zZA.txt,0;2;3
test,DR-2_2842.jpg,DR-2_2842.txt,0;1;2;5
test,DR-2_4563_2RoLNQP.jpg,DR-2_4563_2RoLNQP.txt,0;1;2;3
test,DR-2_6059.jpg,DR-2_6059.txt,0;1;2;3;4;5
test,DR-2_12814.jpg,DR-2_12814.txt,1;4;5
test,DR-2_11836.jpg,DR-2_11836.txt,0;1;2;3;4
test,DR-2_16367_ImV9XPD.jpg,DR-2_16367_ImV9XPD.txt,0;1;2;3;4;5
test,DR-2_10695_UyXwnIl.jpg,DR-2_10695_UyXwnIl.txt,1;2;4;5
test,DR-2_2130_rA3zJbs.jpg,DR-2_2130_rA3zJbs.txt,0;1;2;3;4
test,DR-2_4070_LEpV7BZ.jpg,DR-2_4070_LEpV7BZ.txt,0;1;2
test,DR-2_12872.jpg,DR-2_12872.txt,2;4
test,DR-2_16969.jpg,DR-2_16969.txt,1;2
test,DR-2_7959_FBswyl8.jpg,DR-2_7959_FBswyl8.txt,0;3
test,DR-2_17136.jpg,DR-2_17136.txt,1;2
test,DR-2_10969.jpg,DR-2_10969.txt,1;2
test,DR-2_14684_oZJZaeb.jpg,DR-2_14684_oZJZaeb.txt,1;2;5
test,DR-2_17138_X9TpMWL.jpg,DR-2_17138_X9TpMWL.txt,1;2;3
test,DR-2_2701_g6VJIzz.jpg,DR-2_2701_g6VJIzz.txt,0;3
test,DR-2_4492.jpg,DR-2_4492.txt,0;1;2;3;4;5
test,DR-2_17800.jpg,DR-2_17800.txt,0;2;3;4
test,DR-2_250.jpg,DR-2_250.txt,0;1;2;3
test,DR-2_16505.jpg,DR-2_16505.txt,1;2;3
test,DR-2_12840_ZgWlpaf.jpg,DR-2_12840_ZgWlpaf.txt,1;2;3
test,DR-2_8747_zbbt7Kl.jpg,DR-2_8747_zbbt7Kl.txt,1;2;4;5
test,DR-2_19081_pPelAGB.jpg,DR-2_19081_pPelAGB.txt,0;1;2;3
test,DR-2_6422.jpg,DR-2_6422.txt,1;2;4;5
test,DR-2_16136_d1ielyz.jpg,DR-2_16136_d1ielyz.txt,1;2
test,DR-2_7212.jpg,DR-2_7212.txt,0;1;2;5
test,DR-2_8823_E7xmKFm.jpg,DR-2_8823_E7xmKFm.txt,0;2;3;4
test,DR-2_1714.jpg,DR-2_1714.txt,0;1;2;3;4
test,DR-2_17699_7VspFhy.jpg,DR-2_17699_7VspFhy.txt,0;2;4
test,DR-2_11053.jpg,DR-2_11053.txt,0;1;2;3;4;5
test,DR-1_932.jpg,DR-1_932.txt,1;2;3
test,DR-2_9737_0nUQjq9.jpg,DR-2_9737_0nUQjq9.txt,0;1;5
test,DR-2_15447_j7aEwmw.jpg,DR-2_15447_j7aEwmw.txt,2
test,DR-2_19483_lhJet8J.jpg,DR-2_19483_lhJet8J.txt,1;2;4;5
test,DR-2_6657_JfAVE1h.jpg,DR-2_6657_JfAVE1h.txt,0;1;2
test,DR-2_14035.jpg,DR-2_14035.txt,1;2;5
test,DR-2_15701.jpg,DR-2_15701.txt,0;1;2;3
test,DR-2_4983.jpg,DR-2_4983.txt,0;1;2
test,DR-2_12130_JcitpKq.jpg,DR-2_12130_JcitpKq.txt,0;2
test,DR-1_6527.jpg,DR-1_6527.txt,0;1;3;4
test,DR-2_8795_gjupQZf.jpg,DR-2_8795_gjupQZf.txt,0;1;2;3;4
test,DR-2_15641_XY6gXPb.jpg,DR-2_15641_XY6gXPb.txt,1;2;3
test,DR-1_1913.jpg,DR-1_1913.txt,1;2
test,DR-2_10036.jpg,DR-2_10036.txt,1;2
test,DR-2_8249.jpg,DR-2_8249.txt,0;2
test,DR-1_3015.jpg,DR-1_3015.txt,0;1;2;3;4
test,DR-2_5392_Ehxc31r.jpg,DR-2_5392_Ehxc31r.txt,0;1;2;3;4;5
test,DR-1_3733.jpg,DR-1_3733.txt,1;2;3
test,DR-2_12837_8dIfOoy.jpg,DR-2_12837_8dIfOoy.txt,0;1;2;4
test,DR-2_13994_sJ2Qza8.jpg,DR-2_13994_sJ2Qza8.txt,0;1;2;3;4;5
test,DR-2_7042_66uhBFd.jpg,DR-2_7042_66uhBFd.txt,1;2;3
test,DR-1_5569.jpg,DR-1_5569.txt,1;2;4;5
test,DR-2_18619_ZxR4cwy.jpg,DR-2_18619_ZxR4cwy.txt,0;1;2;3
test,DR-2_9325_TLlI26p.jpg,DR-2_9325_TLlI26p.txt,1;2;4;5
test,DR-2_8465.jpg,DR-2_8465.txt,1;2
test,DR-2_5948_WNw1RZv.jpg,DR-2_5948_WNw1RZv.txt,0;2;3
test,DR-2_12793.jpg,DR-2_12793.txt,0;1;2;3
test,DR-2_13325_8LJMHZ4.jpg,DR-2_13325_8LJMHZ4.txt,1;2;4;5
test,DR-2_15966_E4uEFpX.jpg,DR-2_15966_E4uEFpX.txt,1;2
test,DR-2_7075.jpg,DR-2_7075.txt,0;1;2;3;5
test,DR-2_17689_LQsgdCC.jpg,DR-2_17689_LQsgdCC.txt,1;2;5
test,DR-1_930.jpg,DR-1_930.txt,0;1;2;3;4
test,DR-2_830.jpg,DR-2_830.txt,0;1;2;3
test,DR-2_3338.jpg,DR-2_3338.txt,1;2;3
test,DR-2_16948.jpg,DR-2_16948.txt,0;1;2;3;4;5
test,DR-1_4065.jpg,DR-1_4065.txt,1;2;3
test,DR-2_2836.jpg,DR-2_2836.txt,0;2;3;4
test,DR-2_8502_iZat5Jh.jpg,DR-2_8502_iZat5Jh.txt,0;1;2;3;4;5
test,DR-2_18994.jpg,DR-2_18994.txt,0;1;2;3;4;5
test,DR-2_15656_eVjv0YJ.jpg,DR-2_15656_eVjv0YJ.txt,0;1;2;3;5
test,DR-2_14328.jpg,DR-2_14328.txt,1;2
test,DR-2_12491.jpg,DR-2_12491.txt,0;1;2
test,DR-2_2918_NLgqU2y.jpg,DR-2_2918_NLgqU2y.txt,0;1;2
test,DR-1_1637.jpg,DR-1_1637.txt,1;2
test,DR-2_1412.jpg,DR-2_1412.txt,1;2;4;5
test,DR-2_15326_dZIiC3F.jpg,DR-2_15326_dZIiC3F.txt,0;1;2;3;4;5
test,DR-2_14839.jpg,DR-2_14839.txt,0;1;2
test,DR-2_11861.jpg,DR-2_11861.txt,0;1;2;3;5
test,DR-2_7332_x8BHech.jpg,DR-2_7332_x8BHech.txt,0;1;2
test,DR-2_19203_tYaum3F.jpg,DR-2_19203_tYaum3F.txt,0;1;2;3;4
test,DR-2_11835.jpg,DR-2_11835.txt,1;2;3
test,DR-2_4355.jpg,DR-2_4355.txt,2;3
test,DR-2_13882_SZaI3kz.jpg,DR-2_13882_SZaI3kz.txt,0;1;2;3;4;5
test,DR-2_7989_GFPRs0q.jpg,DR-2_7989_GFPRs0q.txt,1;2;5
test,DR-2_10470_ANk15RD.jpg,DR-2_10470_ANk15RD.txt,1;2;5
test,DR-2_12585_FjYYCPh.jpg,DR-2_12585_FjYYCPh.txt,0;1;2;3;4;5
test,DR-2_2632.jpg,DR-2_2632.txt,1;2;3
test,DR-2_10336.jpg,DR-2_10336.txt,0;2
test,DR-2_4670.jpg,DR-2_4670.txt,1;2
test,DR-2_11550.jpg,DR-2_11550.txt,0;1;2;3;4;5
test,DR-2_9905.jpg,DR-2_9905.txt,1;2;3
test,DR-2_13940.jpg,DR-2_13940.txt,0;1;2;3;4
test,DR-2_15180.jpg,DR-2_15180.txt,1;2;4;5
test,DR-2_15691.jpg,DR-2_15691.txt,0;2;3;4
test,DR-1_3683.jpg,DR-1_3683.txt,1;2;3
test,DR-2_5933.jpg,DR-2_5933.txt,0;1;2
test,DR-2_15132.jpg,DR-2_15132.txt,1;2;5
test,DR-2_9694_K7DCm7n.jpg,DR-2_9694_K7DCm7n.txt,0;1;2;3
test,DR-2_6876_znyg8Xn.jpg,DR-2_6876_znyg8Xn.txt,0;1;2;5
test,DR-2_1196_XBYBeVf.jpg,DR-2_1196_XBYBeVf.txt,0;2;3
test,DR-1_2770.jpg,DR-1_2770.txt,0;1;2;3;4;5
test,DR-1_8666.jpg,DR-1_8666.txt,0;2;3
test,DR-2_5028.jpg,DR-2_5028.txt,0;2;3
test,DR-2_5323_StNJI1X.jpg,DR-2_5323_StNJI1X.txt,1;2;3;5
test,DR-2_3467_snx1gha.jpg,DR-2_3467_snx1gha.txt,1;2
test,DR-2_13558_aG3n9Y8.jpg,DR-2_13558_aG3n9Y8.txt,1;2;4;5
test,DR-2_18502.jpg,DR-2_18502.txt,1;2;4;5
test,DR-2_5793_ayZQ7kC.jpg,DR-2_5793_ayZQ7kC.txt,0;1;2;3
test,DR-2_14803.jpg,DR-2_14803.txt,0;1;2
test,DR-2_8836.jpg,DR-2_8836.txt,0;1;2;3;4
test,DR-2_4155_TIHBhOb.jpg,DR-2_4155_TIHBhOb.txt,0;1;3;4
test,DR-2_5213.jpg,DR-2_5213.txt,0;1;2;3
test,DR-2_12907.jpg,DR-2_12907.txt,0;1;2;3;5
test,DR-2_15240.jpg,DR-2_15240.txt,1;2;4;5
test,DR-2_239_OpF1AZT.jpg,DR-2_239_OpF1AZT.txt,0;1;2;3;4;5
test,DR-2_18965_50NfRyN.jpg,DR-2_18965_50NfRyN.txt,0;2
test,DR-2_16871_AdWDnRI.jpg,DR-2_16871_AdWDnRI.txt,0;1;2;3
test,DR-1_9344.jpg,DR-1_9344.txt,0;1;2;3;4
test,DR-2_7130.jpg,DR-2_7130.txt,0;1;2;3
test,DR-2_9490_NTRIiJL.jpg,DR-2_9490_NTRIiJL.txt,0;1;5
test,DR-2_17441.jpg,DR-2_17441.txt,1;2;3
test,DR-2_18162.jpg,DR-2_18162.txt,0;1;2;3;4;5
test,DR-2_17178_I4SzqNO.jpg,DR-2_17178_I4SzqNO.txt,0;1;2;3;4
test,DR-1_7107.jpg,DR-1_7107.txt,0;1;2;3;5
test,DR-2_17216_3fJTYNK.jpg,DR-2_17216_3fJTYNK.txt,1;2
test,DR-1_4915.jpg,DR-1_4915.txt,1;2;3;4;5
test,DR-2_4938.jpg,DR-2_4938.txt,1;2;3
test,DR-2_1914.jpg,DR-2_1914.txt,1;2;3;4;5
test,DR-2_17699.jpg,DR-2_17699.txt,1;2;4;5
test,DR-2_17045.jpg,DR-2_17045.txt,1;2;4;5
test,DR-2_4979.jpg,DR-2_4979.txt,1;2;3
test,DR-2_10201_trAiN2L.jpg,DR-2_10201_trAiN2L.txt,1;2
test,DR-2_15566_JxVyM89.jpg,DR-2_15566_JxVyM89.txt,0;1;2
test,DR-2_16271.jpg,DR-2_16271.txt,1;2;4
test,DR-1_986.jpg,DR-1_986.txt,0;1;2;3
test,DR-2_6327_y3ogaOD.jpg,DR-2_6327_y3ogaOD.txt,0;1;2
